Sdate,Cosit,LaneNumber,LaneDescription,LaneDirection,DirectionDescription,Volume,Flags,Flag Text,AvgSpeed,PmlHGV,Class1Volume,Class2Volume,Class3Volume,Class4Volume,Class5Volume,Class6Volume
01/02/18 00:00,000000001083,1,NB_NS,1,North,80,0,,15837,100,2,69,1,8,0,0
01/02/18 00:00,000000001083,2,NB_MID,1,North,104,0,,16651,106,2,91,0,6,5,0
01/02/18 00:00,000000001083,3,NB_OS,1,North,19,0,,16023,0,0,19,0,0,0,0
01/02/18 00:00,000000001083,4,SB_OS,2,South,29,0,,17672,0,3,26,0,0,0,0
01/02/18 00:00,000000001083,5,SB_MID,2,South,97,0,,18004,10,1,95,0,1,0,0
01/02/18 00:00,000000001083,6,SB_NS,2,South,101,0,,16227,69,0,94,0,5,2,0
01/02/18 01:00,000000001083,1,NB_NS,1,North,53,0,,16336,75,0,49,0,3,1,0
01/02/18 01:00,000000001083,2,NB_MID,1,North,60,0,,17370,50,0,57,0,3,0,0
01/02/18 01:00,000000001083,3,NB_OS,1,North,8,0,,16563,0,0,8,0,0,0,0
01/02/18 01:00,000000001083,4,SB_OS,2,South,10,0,,16306,100,1,8,0,1,0,0
01/02/18 01:00,000000001083,5,SB_MID,2,South,44,0,,17671,23,0,43,0,1,0,0
01/02/18 01:00,000000001083,6,SB_NS,2,South,56,0,,16300,107,1,49,0,3,3,0
01/02/18 02:00,000000001083,1,NB_NS,1,North,28,0,,16280,250,0,21,0,4,3,0
01/02/18 02:00,000000001083,2,NB_MID,1,North,42,0,,16832,143,0,35,0,3,3,1
01/02/18 02:00,000000001083,3,NB_OS,1,North,3,0,,17222,0,0,3,0,0,0,0
01/02/18 02:00,000000001083,4,SB_OS,2,South,9,0,,17160,111,1,7,0,1,0,0
01/02/18 02:00,000000001083,5,SB_MID,2,South,25,0,,17489,40,0,24,0,1,0,0
01/02/18 02:00,000000001083,6,SB_NS,2,South,45,0,,16043,133,1,38,0,5,1,0
01/02/18 03:00,000000001083,1,NB_NS,1,North,51,0,,17195,137,0,44,0,4,3,0
01/02/18 03:00,000000001083,2,NB_MID,1,North,26,0,,16934,192,0,20,0,2,3,1
01/02/18 03:00,000000001083,3,NB_OS,1,North,8,0,,15972,0,0,8,0,0,0,0
01/02/18 03:00,000000001083,4,SB_OS,2,South,15,0,,16685,0,0,15,0,0,0,0
01/02/18 03:00,000000001083,5,SB_MID,2,South,35,0,,17722,114,0,31,0,4,0,0
01/02/18 03:00,000000001083,6,SB_NS,2,South,59,0,,17076,68,0,55,0,2,2,0
01/02/18 04:00,000000001083,1,NB_NS,1,North,67,0,,16725,224,0,52,0,7,8,0
01/02/18 04:00,000000001083,2,NB_MID,1,North,60,0,,16903,83,1,54,0,4,1,0
01/02/18 04:00,000000001083,3,NB_OS,1,North,19,0,,16857,0,0,19,0,0,0,0
01/02/18 04:00,000000001083,4,SB_OS,2,South,8,0,,17674,125,0,7,0,1,0,0
01/02/18 04:00,000000001083,5,SB_MID,2,South,48,0,,18594,21,0,47,0,1,0,0
01/02/18 04:00,000000001083,6,SB_NS,2,South,60,0,,16912,50,2,55,0,1,2,0
01/02/18 05:00,000000001083,1,NB_NS,1,North,186,0,,16217,54,1,172,0,7,3,3
01/02/18 05:00,000000001083,2,NB_MID,1,North,163,0,,16512,67,2,148,1,7,4,1
01/02/18 05:00,000000001083,3,NB_OS,1,North,67,0,,18731,15,0,66,0,1,0,0
01/02/18 05:00,000000001083,4,SB_OS,2,South,56,0,,16662,36,4,49,0,2,0,1
01/02/18 05:00,000000001083,5,SB_MID,2,South,107,0,,17474,37,6,97,0,3,1,0
01/02/18 05:00,000000001083,6,SB_NS,2,South,136,0,,17132,66,7,120,0,6,3,0
01/02/18 06:00,000000001083,1,NB_NS,1,North,343,0,,14947,50,1,315,0,16,1,10
01/02/18 06:00,000000001083,2,NB_MID,1,North,511,0,,15284,33,5,489,0,16,1,0
01/02/18 06:00,000000001083,3,NB_OS,1,North,420,0,,15632,10,1,415,0,4,0,0
01/02/18 06:00,000000001083,4,SB_OS,2,South,214,0,,17126,9,12,200,0,2,0,0
01/02/18 06:00,000000001083,5,SB_MID,2,South,265,0,,17265,38,10,244,0,9,1,1
01/02/18 06:00,000000001083,6,SB_NS,2,South,396,0,,16736,86,4,355,0,28,6,3
01/02/18 07:00,000000001083,1,NB_NS,1,North,827,0,,11091,28,7,783,1,21,2,13
01/02/18 07:00,000000001083,2,NB_MID,1,North,1097,0,,9314,24,8,1060,1,24,2,2
01/02/18 07:00,000000001083,3,NB_OS,1,North,1124,0,,9381,36,1,1077,1,39,1,5
01/02/18 07:00,000000001083,4,SB_OS,2,South,560,0,,15389,7,10,546,0,4,0,0
01/02/18 07:00,000000001083,5,SB_MID,2,South,575,0,,15062,38,30,521,2,21,1,0
01/02/18 07:00,000000001083,6,SB_NS,2,South,954,0,,14843,35,7,902,0,30,3,12
01/02/18 08:00,000000001083,1,NB_NS,1,North,940,0,,8839,26,7,898,1,22,2,10
01/02/18 08:00,000000001083,2,NB_MID,1,North,892,0,,7278,35,8,851,0,26,5,2
01/02/18 08:00,000000001083,3,NB_OS,1,North,953,0,,7883,34,3,906,2,28,4,10
01/02/18 08:00,000000001083,4,SB_OS,2,South,586,0,,15451,22,11,562,0,13,0,0
01/02/18 08:00,000000001083,5,SB_MID,2,South,580,0,,15010,28,14,549,0,16,0,1
01/02/18 08:00,000000001083,6,SB_NS,2,South,965,0,,14300,45,2,909,2,37,6,9
01/02/18 09:00,000000001083,1,NB_NS,1,North,662,0,,12809,59,10,604,3,37,2,6
01/02/18 09:00,000000001083,2,NB_MID,1,North,906,0,,13091,43,16,845,4,36,3,2
01/02/18 09:00,000000001083,3,NB_OS,1,North,906,0,,13637,22,5,881,0,20,0,0
01/02/18 09:00,000000001083,4,SB_OS,2,South,410,0,,16192,17,9,391,2,5,2,1
01/02/18 09:00,000000001083,5,SB_MID,2,South,519,0,,15808,37,12,487,0,18,1,1
01/02/18 09:00,000000001083,6,SB_NS,2,South,698,0,,14992,74,5,626,4,48,4,11
01/02/18 10:00,000000001083,1,NB_NS,1,North,565,0,,13795,55,4,516,2,30,1,12
01/02/18 10:00,000000001083,2,NB_MID,1,North,645,0,,14363,78,4,587,1,45,5,3
01/02/18 10:00,000000001083,3,NB_OS,1,North,558,0,,15245,38,3,534,0,21,0,0
01/02/18 10:00,000000001083,4,SB_OS,2,South,377,0,,16390,29,13,352,1,11,0,0
01/02/18 10:00,000000001083,5,SB_MID,2,South,457,0,,15714,33,13,427,1,14,1,1
01/02/18 10:00,000000001083,6,SB_NS,2,South,593,0,,15201,108,7,513,1,57,7,8
01/02/18 11:00,000000001083,1,NB_NS,1,North,583,0,,13521,63,3,532,1,34,3,10
01/02/18 11:00,000000001083,2,NB_MID,1,North,607,0,,14571,61,7,559,4,33,4,0
01/02/18 11:00,000000001083,3,NB_OS,1,North,511,0,,15343,29,1,490,5,15,0,0
01/02/18 11:00,000000001083,4,SB_OS,2,South,440,0,,16278,32,24,400,2,14,0,0
01/02/18 11:00,000000001083,5,SB_MID,2,South,545,0,,15747,48,21,495,3,23,3,0
01/02/18 11:00,000000001083,6,SB_NS,2,South,644,0,,15052,62,6,585,5,32,8,8
01/02/18 12:00,000000001083,1,NB_NS,1,North,640,0,,13678,66,5,581,2,41,1,10
01/02/18 12:00,000000001083,2,NB_MID,1,North,660,0,,14564,52,9,614,2,31,3,1
01/02/18 12:00,000000001083,3,NB_OS,1,North,553,0,,15641,27,1,535,1,15,0,1
01/02/18 12:00,000000001083,4,SB_OS,2,South,504,0,,16297,22,9,482,2,10,1,0
01/02/18 12:00,000000001083,5,SB_MID,2,South,571,0,,15709,46,10,535,0,24,2,0
01/02/18 12:00,000000001083,6,SB_NS,2,South,673,0,,15102,68,5,612,0,41,5,10
01/02/18 13:00,000000001083,1,NB_NS,1,North,617,0,,13983,68,9,556,1,36,6,9
01/02/18 13:00,000000001083,2,NB_MID,1,North,634,0,,15071,36,2,605,4,23,0,0
01/02/18 13:00,000000001083,3,NB_OS,1,North,479,0,,15611,44,7,449,2,21,0,0
01/02/18 13:00,000000001083,4,SB_OS,2,South,513,0,,16328,19,18,482,3,10,0,0
01/02/18 13:00,000000001083,5,SB_MID,2,South,545,0,,15850,35,18,508,0,18,1,0
01/02/18 13:00,000000001083,6,SB_NS,2,South,776,0,,14701,72,4,708,1,48,8,7
01/02/18 14:00,000000001083,1,NB_NS,1,North,683,0,,13324,119,4,586,4,78,3,8
01/02/18 14:00,000000001083,2,NB_MID,1,North,567,0,,14767,65,7,520,2,35,2,1
01/02/18 14:00,000000001083,3,NB_OS,1,North,488,0,,15608,57,1,458,1,28,0,0
01/02/18 14:00,000000001083,4,SB_OS,2,South,565,0,,16292,32,20,524,3,14,4,0
01/02/18 14:00,000000001083,5,SB_MID,2,South,638,0,,15988,42,15,596,0,26,1,0
01/02/18 14:00,000000001083,6,SB_NS,2,South,842,0,,15008,50,6,778,2,37,5,14
01/02/18 15:00,000000001083,1,NB_NS,1,North,805,0,,12802,92,3,713,3,71,3,12
01/02/18 15:00,000000001083,2,NB_MID,1,North,604,0,,14066,63,10,554,1,34,4,1
01/02/18 15:00,000000001083,3,NB_OS,1,North,598,0,,14843,37,3,572,1,22,0,0
01/02/18 15:00,000000001083,4,SB_OS,2,South,666,0,,15563,23,7,644,0,14,1,0
01/02/18 15:00,000000001083,5,SB_MID,2,South,705,0,,14856,45,14,659,0,31,1,0
01/02/18 15:00,000000001083,6,SB_NS,2,South,1109,0,,13673,37,8,1051,2,38,3,7
01/02/18 16:00,000000001083,1,NB_NS,1,North,951,0,,11290,47,2,888,4,41,4,12
01/02/18 16:00,000000001083,2,NB_MID,1,North,702,0,,13344,34,8,666,2,23,1,2
01/02/18 16:00,000000001083,3,NB_OS,1,North,785,0,,13980,22,4,762,0,15,2,0
01/02/18 16:00,000000001083,4,SB_OS,2,South,802,0,,14902,6,14,783,0,5,0,0
01/02/18 16:00,000000001083,5,SB_MID,2,South,793,0,,13060,24,13,758,2,16,3,0
01/02/18 16:00,000000001083,6,SB_NS,2,South,1376,0,,11292,31,6,1317,0,40,2,11
01/02/18 17:00,000000001083,1,NB_NS,1,North,1017,0,,10643,28,7,975,1,25,3,6
01/02/18 17:00,000000001083,2,NB_MID,1,North,775,0,,12687,14,6,755,2,9,2,1
01/02/18 17:00,000000001083,3,NB_OS,1,North,887,0,,13279,16,5,868,0,14,0,0
01/02/18 17:00,000000001083,4,SB_OS,2,South,698,0,,14536,10,19,671,1,7,0,0
01/02/18 17:00,000000001083,5,SB_MID,2,South,788,0,,12811,15,22,754,0,12,0,0
01/02/18 17:00,000000001083,6,SB_NS,2,South,1256,0,,11708,10,9,1227,0,11,1,8
01/02/18 18:00,000000001083,1,NB_NS,1,North,816,0,,11318,31,7,774,1,21,4,9
01/02/18 18:00,000000001083,2,NB_MID,1,North,736,0,,12886,18,4,717,1,10,3,1
01/02/18 18:00,000000001083,3,NB_OS,1,North,723,0,,14130,15,0,712,0,11,0,0
01/02/18 18:00,000000001083,4,SB_OS,2,South,646,0,,14920,5,17,626,0,3,0,0
01/02/18 18:00,000000001083,5,SB_MID,2,South,705,0,,14141,6,15,686,0,4,0,0
01/02/18 18:00,000000001083,6,SB_NS,2,South,1034,0,,13075,11,5,1009,0,10,1,9
01/02/18 19:00,000000001083,1,NB_NS,1,North,462,0,,14618,15,3,445,0,7,0,7
01/02/18 19:00,000000001083,2,NB_MID,1,North,468,0,,15073,9,3,460,1,4,0,0
01/02/18 19:00,000000001083,3,NB_OS,1,North,412,0,,15620,10,0,406,1,4,0,1
01/02/18 19:00,000000001083,4,SB_OS,2,South,434,0,,16330,7,12,418,1,3,0,0
01/02/18 19:00,000000001083,5,SB_MID,2,South,534,0,,15709,4,15,517,0,2,0,0
01/02/18 19:00,000000001083,6,SB_NS,2,South,658,0,,15031,15,5,636,0,9,1,7
01/02/18 20:00,000000001083,1,NB_NS,1,North,380,0,,14934,32,6,358,1,9,3,3
01/02/18 20:00,000000001083,2,NB_MID,1,North,379,0,,15723,24,3,366,1,6,3,0
01/02/18 20:00,000000001083,3,NB_OS,1,North,293,0,,15966,3,0,292,0,1,0,0
01/02/18 20:00,000000001083,4,SB_OS,2,South,292,0,,16701,10,5,284,0,2,1,0
01/02/18 20:00,000000001083,5,SB_MID,2,South,433,0,,16021,5,9,422,0,2,0,0
01/02/18 20:00,000000001083,6,SB_NS,2,South,518,0,,15363,23,5,495,0,7,5,6
01/02/18 21:00,000000001083,1,NB_NS,1,North,259,0,,14826,15,2,250,0,3,1,3
01/02/18 21:00,000000001083,2,NB_MID,1,North,289,0,,15996,7,2,285,0,2,0,0
01/02/18 21:00,000000001083,3,NB_OS,1,North,166,0,,16884,12,0,164,0,2,0,0
01/02/18 21:00,000000001083,4,SB_OS,2,South,217,0,,16793,0,8,209,0,0,0,0
01/02/18 21:00,000000001083,5,SB_MID,2,South,294,0,,16769,17,12,277,0,4,1,0
01/02/18 21:00,000000001083,6,SB_NS,2,South,356,0,,16024,20,0,346,0,7,0,3
01/02/18 22:00,000000001083,1,NB_NS,1,North,181,0,,15327,33,2,170,0,6,0,3
01/02/18 22:00,000000001083,2,NB_MID,1,North,206,0,,15848,10,0,204,0,2,0,0
01/02/18 22:00,000000001083,3,NB_OS,1,North,120,0,,16572,25,0,117,0,3,0,0
01/02/18 22:00,000000001083,4,SB_OS,2,South,132,0,,17317,15,1,129,0,2,0,0
01/02/18 22:00,000000001083,5,SB_MID,2,South,247,0,,17064,4,3,243,0,1,0,0
01/02/18 22:00,000000001083,6,SB_NS,2,South,318,0,,16271,19,4,304,0,6,0,4
01/02/18 23:00,000000001083,1,NB_NS,1,North,116,0,,15802,43,1,108,0,5,0,2
01/02/18 23:00,000000001083,2,NB_MID,1,North,140,0,,16542,36,3,131,1,2,3,0
01/02/18 23:00,000000001083,3,NB_OS,1,North,58,0,,17649,0,1,57,0,0,0,0
01/02/18 23:00,000000001083,4,SB_OS,2,South,58,0,,17797,17,3,54,0,1,0,0
01/02/18 23:00,000000001083,5,SB_MID,2,South,182,0,,17514,16,2,177,0,3,0,0
01/02/18 23:00,000000001083,6,SB_NS,2,South,154,0,,16645,45,2,141,0,6,1,4
02/02/18 00:00,000000001083,1,NB_NS,1,North,54,0,,16533,74,1,49,0,3,1,0
02/02/18 00:00,000000001083,2,NB_MID,1,North,127,0,,16168,16,0,124,0,2,0,1
02/02/18 00:00,000000001083,3,NB_OS,1,North,31,0,,16962,0,0,31,0,0,0,0
02/02/18 00:00,000000001083,4,SB_OS,2,South,24,0,,18137,0,3,21,0,0,0,0
02/02/18 00:00,000000001083,5,SB_MID,2,South,103,0,,17578,19,1,100,0,2,0,0
02/02/18 00:00,000000001083,6,SB_NS,2,South,123,0,,16798,41,3,115,0,4,1,0
02/02/18 01:00,000000001083,1,NB_NS,1,North,42,0,,15807,71,2,37,0,2,1,0
02/02/18 01:00,000000001083,2,NB_MID,1,North,69,0,,16457,29,0,67,0,2,0,0
02/02/18 01:00,000000001083,3,NB_OS,1,North,19,0,,17354,0,0,19,0,0,0,0
02/02/18 01:00,000000001083,4,SB_OS,2,South,18,0,,17639,56,0,17,0,0,1,0
02/02/18 01:00,000000001083,5,SB_MID,2,South,64,0,,17526,31,2,59,1,2,0,0
02/02/18 01:00,000000001083,6,SB_NS,2,South,55,0,,16384,91,0,50,0,5,0,0
02/02/18 02:00,000000001083,1,NB_NS,1,North,21,0,,15225,0,0,21,0,0,0,0
02/02/18 02:00,000000001083,2,NB_MID,1,North,46,0,,17228,22,0,45,0,1,0,0
02/02/18 02:00,000000001083,3,NB_OS,1,North,9,0,,16173,0,0,9,0,0,0,0
02/02/18 02:00,000000001083,4,SB_OS,2,South,9,0,,16821,111,1,7,0,1,0,0
02/02/18 02:00,000000001083,5,SB_MID,2,South,44,0,,17456,23,0,43,0,1,0,0
02/02/18 02:00,000000001083,6,SB_NS,2,South,39,0,,16588,128,0,34,0,3,2,0
02/02/18 03:00,000000001083,1,NB_NS,1,North,28,0,,16389,0,0,28,0,0,0,0
02/02/18 03:00,000000001083,2,NB_MID,1,North,39,0,,16574,51,0,37,0,2,0,0
02/02/18 03:00,000000001083,3,NB_OS,1,North,9,0,,18086,0,0,9,0,0,0,0
02/02/18 03:00,000000001083,4,SB_OS,2,South,15,0,,17445,133,1,11,1,2,0,0
02/02/18 03:00,000000001083,5,SB_MID,2,South,39,0,,17315,26,1,37,0,1,0,0
02/02/18 03:00,000000001083,6,SB_NS,2,South,38,0,,17317,53,0,36,0,2,0,0
02/02/18 04:00,000000001083,1,NB_NS,1,North,48,0,,16852,21,0,47,0,1,0,0
02/02/18 04:00,000000001083,2,NB_MID,1,North,42,0,,16468,24,0,41,0,1,0,0
02/02/18 04:00,000000001083,3,NB_OS,1,North,16,0,,16979,0,0,16,0,0,0,0
02/02/18 04:00,000000001083,4,SB_OS,2,South,13,0,,19060,0,0,13,0,0,0,0
02/02/18 04:00,000000001083,5,SB_MID,2,South,43,0,,18152,0,0,43,0,0,0,0
02/02/18 04:00,000000001083,6,SB_NS,2,South,54,0,,17202,37,1,51,0,2,0,0
02/02/18 05:00,000000001083,1,NB_NS,1,North,158,0,,16384,38,3,147,0,6,0,2
02/02/18 05:00,000000001083,2,NB_MID,1,North,141,0,,16791,85,0,129,0,7,5,0
02/02/18 05:00,000000001083,3,NB_OS,1,North,59,0,,18056,51,0,56,0,3,0,0
02/02/18 05:00,000000001083,4,SB_OS,2,South,48,0,,16771,62,4,41,0,3,0,0
02/02/18 05:00,000000001083,5,SB_MID,2,South,102,0,,17688,49,3,94,0,4,1,0
02/02/18 05:00,000000001083,6,SB_NS,2,South,122,0,,16954,82,4,108,0,9,1,0
02/02/18 06:00,000000001083,1,NB_NS,1,North,332,0,,14855,33,2,307,2,11,0,10
02/02/18 06:00,000000001083,2,NB_MID,1,North,451,0,,15519,58,4,421,0,25,1,0
02/02/18 06:00,000000001083,3,NB_OS,1,North,414,0,,15903,22,4,401,0,9,0,0
02/02/18 06:00,000000001083,4,SB_OS,2,South,192,0,,17360,5,8,182,0,1,0,1
02/02/18 06:00,000000001083,5,SB_MID,2,South,258,0,,17440,35,9,239,1,8,1,0
02/02/18 06:00,000000001083,6,SB_NS,2,South,382,0,,16778,52,3,356,0,17,3,3
02/02/18 07:00,000000001083,1,NB_NS,1,North,792,0,,11574,32,9,741,0,23,2,17
02/02/18 07:00,000000001083,2,NB_MID,1,North,1087,0,,9788,34,5,1038,2,34,3,5
02/02/18 07:00,000000001083,3,NB_OS,1,North,1126,0,,9609,20,5,1097,1,22,0,1
02/02/18 07:00,000000001083,4,SB_OS,2,South,517,0,,15863,19,18,489,0,10,0,0
02/02/18 07:00,000000001083,5,SB_MID,2,South,561,0,,15203,32,17,526,0,18,0,0
02/02/18 07:00,000000001083,6,SB_NS,2,South,894,0,,14241,48,5,833,3,41,2,10
02/02/18 08:00,000000001083,1,NB_NS,1,North,804,0,,10399,42,7,758,0,29,5,5
02/02/18 08:00,000000001083,2,NB_MID,1,North,942,0,,9490,41,9,891,2,34,5,1
02/02/18 08:00,000000001083,3,NB_OS,1,North,995,0,,9594,38,5,948,2,33,5,2
02/02/18 08:00,000000001083,4,SB_OS,2,South,589,0,,15554,20,9,568,0,11,1,0
02/02/18 08:00,000000001083,5,SB_MID,2,South,557,0,,14951,50,15,512,0,26,2,2
02/02/18 08:00,000000001083,6,SB_NS,2,South,960,0,,14694,48,11,892,0,39,7,11
02/02/18 09:00,000000001083,1,NB_NS,1,North,653,0,,13299,46,6,605,0,30,0,12
02/02/18 09:00,000000001083,2,NB_MID,1,North,816,0,,13762,48,8,762,6,36,3,1
02/02/18 09:00,000000001083,3,NB_OS,1,North,823,0,,14219,41,3,786,0,33,1,0
02/02/18 09:00,000000001083,4,SB_OS,2,South,443,0,,16272,23,18,414,0,9,1,1
02/02/18 09:00,000000001083,5,SB_MID,2,South,542,0,,15568,72,21,482,0,36,3,0
02/02/18 09:00,000000001083,6,SB_NS,2,South,710,0,,14856,68,7,645,2,45,3,8
02/02/18 10:00,000000001083,1,NB_NS,1,North,552,0,,13797,83,5,491,2,43,3,8
02/02/18 10:00,000000001083,2,NB_MID,1,North,595,0,,14847,54,9,551,2,29,3,1
02/02/18 10:00,000000001083,3,NB_OS,1,North,521,0,,15627,38,3,498,0,20,0,0
02/02/18 10:00,000000001083,4,SB_OS,2,South,406,0,,16573,30,13,374,7,10,2,0
02/02/18 10:00,000000001083,5,SB_MID,2,South,488,0,,16017,45,9,457,0,20,2,0
02/02/18 10:00,000000001083,6,SB_NS,2,South,599,0,,14792,85,5,531,2,42,9,10
02/02/18 11:00,000000001083,1,NB_NS,1,North,579,0,,13601,62,6,524,2,32,4,11
02/02/18 11:00,000000001083,2,NB_MID,1,North,644,0,,14775,43,6,607,3,24,4,0
02/02/18 11:00,000000001083,3,NB_OS,1,North,514,0,,15790,45,0,491,0,23,0,0
02/02/18 11:00,000000001083,4,SB_OS,2,South,421,0,,16404,26,7,403,0,9,2,0
02/02/18 11:00,000000001083,5,SB_MID,2,South,592,0,,15640,46,18,547,0,24,3,0
02/02/18 11:00,000000001083,6,SB_NS,2,South,703,0,,14955,71,4,638,3,45,5,8
02/02/18 12:00,000000001083,1,NB_NS,1,North,590,0,,13537,61,7,537,1,34,2,9
02/02/18 12:00,000000001083,2,NB_MID,1,North,696,0,,14720,45,13,652,0,27,4,0
02/02/18 12:00,000000001083,3,NB_OS,1,North,612,0,,15436,26,3,590,3,16,0,0
02/02/18 12:00,000000001083,4,SB_OS,2,South,571,0,,15801,14,11,551,1,8,0,0
02/02/18 12:00,000000001083,5,SB_MID,2,South,597,0,,15574,42,12,560,0,23,2,0
02/02/18 12:00,000000001083,6,SB_NS,2,South,802,0,,14601,54,10,738,2,40,3,9
02/02/18 13:00,000000001083,1,NB_NS,1,North,633,0,,13610,58,10,576,4,37,0,6
02/02/18 13:00,000000001083,2,NB_MID,1,North,662,0,,14709,54,14,609,0,34,2,3
02/02/18 13:00,000000001083,3,NB_OS,1,North,534,0,,15513,36,1,512,2,19,0,0
02/02/18 13:00,000000001083,4,SB_OS,2,South,566,0,,15947,25,7,544,1,13,1,0
02/02/18 13:00,000000001083,5,SB_MID,2,South,654,0,,15505,31,23,609,1,19,1,0
02/02/18 13:00,000000001083,6,SB_NS,2,South,861,0,,14558,70,9,783,0,53,7,9
02/02/18 14:00,000000001083,1,NB_NS,1,North,676,0,,13510,53,3,626,2,35,1,9
02/02/18 14:00,000000001083,2,NB_MID,1,North,588,0,,14763,51,8,545,1,28,2,3
02/02/18 14:00,000000001083,3,NB_OS,1,North,560,0,,15442,43,0,535,0,24,0,1
02/02/18 14:00,000000001083,4,SB_OS,2,South,668,0,,16085,25,18,633,0,17,0,0
02/02/18 14:00,000000001083,5,SB_MID,2,South,684,0,,15437,38,14,642,2,25,1,0
02/02/18 14:00,000000001083,6,SB_NS,2,South,1011,0,,14475,49,7,939,4,47,3,11
02/02/18 15:00,000000001083,1,NB_NS,1,North,749,0,,12743,72,5,674,5,53,1,11
02/02/18 15:00,000000001083,2,NB_MID,1,North,600,0,,13962,32,2,574,4,17,2,1
02/02/18 15:00,000000001083,3,NB_OS,1,North,660,0,,14701,36,0,633,3,24,0,0
02/02/18 15:00,000000001083,4,SB_OS,2,South,716,0,,15542,21,22,678,1,14,1,0
02/02/18 15:00,000000001083,5,SB_MID,2,South,737,0,,14715,33,25,684,2,22,2,2
02/02/18 15:00,000000001083,6,SB_NS,2,South,1130,0,,13333,35,5,1078,0,37,3,7
02/02/18 16:00,000000001083,1,NB_NS,1,North,894,0,,9314,45,12,834,1,38,2,7
02/02/18 16:00,000000001083,2,NB_MID,1,North,817,0,,10472,31,3,784,1,22,3,4
02/02/18 16:00,000000001083,3,NB_OS,1,North,997,0,,10888,31,5,961,0,29,2,0
02/02/18 16:00,000000001083,4,SB_OS,2,South,715,0,,15512,8,21,687,1,6,0,0
02/02/18 16:00,000000001083,5,SB_MID,2,South,778,0,,14237,17,16,746,3,13,0,0
02/02/18 16:00,000000001083,6,SB_NS,2,South,1253,0,,12485,22,5,1210,0,25,3,10
02/02/18 17:00,000000001083,1,NB_NS,1,North,924,0,,10395,26,8,881,1,23,1,10
02/02/18 17:00,000000001083,2,NB_MID,1,North,834,0,,11780,18,10,806,0,13,2,3
02/02/18 17:00,000000001083,3,NB_OS,1,North,890,0,,12447,13,4,873,0,12,0,1
02/02/18 17:00,000000001083,4,SB_OS,2,South,696,0,,14615,7,10,681,0,5,0,0
02/02/18 17:00,000000001083,5,SB_MID,2,South,804,0,,13284,10,13,783,0,7,1,0
02/02/18 17:00,000000001083,6,SB_NS,2,South,1147,0,,12535,21,9,1108,0,22,2,6
02/02/18 18:00,000000001083,1,NB_NS,1,North,654,0,,13454,23,2,630,0,15,0,7
02/02/18 18:00,000000001083,2,NB_MID,1,North,608,0,,13998,15,3,595,1,8,1,0
02/02/18 18:00,000000001083,3,NB_OS,1,North,594,0,,14723,10,0,588,0,6,0,0
02/02/18 18:00,000000001083,4,SB_OS,2,South,564,0,,15668,2,12,551,0,1,0,0
02/02/18 18:00,000000001083,5,SB_MID,2,South,628,0,,15477,8,15,608,0,4,1,0
02/02/18 18:00,000000001083,6,SB_NS,2,South,915,0,,14559,12,8,887,0,11,0,9
02/02/18 19:00,000000001083,1,NB_NS,1,North,400,0,,14424,25,1,382,0,7,3,7
02/02/18 19:00,000000001083,2,NB_MID,1,North,477,0,,15204,8,3,467,1,3,1,2
02/02/18 19:00,000000001083,3,NB_OS,1,North,387,0,,15786,5,1,384,0,2,0,0
02/02/18 19:00,000000001083,4,SB_OS,2,South,367,0,,16895,0,12,355,0,0,0,0
02/02/18 19:00,000000001083,5,SB_MID,2,South,544,0,,16165,15,18,518,0,7,1,0
02/02/18 19:00,000000001083,6,SB_NS,2,South,610,0,,15343,11,4,592,0,6,1,7
02/02/18 20:00,000000001083,1,NB_NS,1,North,342,0,,15399,15,0,334,0,5,0,3
02/02/18 20:00,000000001083,2,NB_MID,1,North,402,0,,15826,5,4,396,0,2,0,0
02/02/18 20:00,000000001083,3,NB_OS,1,North,266,0,,16400,8,1,263,0,2,0,0
02/02/18 20:00,000000001083,4,SB_OS,2,South,264,0,,17350,8,13,249,0,1,1,0
02/02/18 20:00,000000001083,5,SB_MID,2,South,408,0,,16689,10,6,397,0,4,0,1
02/02/18 20:00,000000001083,6,SB_NS,2,South,375,0,,16060,24,3,357,0,9,0,6
02/02/18 21:00,000000001083,1,NB_NS,1,North,230,0,,15265,22,4,219,0,5,0,2
02/02/18 21:00,000000001083,2,NB_MID,1,North,298,0,,16093,20,1,291,0,4,2,0
02/02/18 21:00,000000001083,3,NB_OS,1,North,172,0,,16428,12,1,169,0,2,0,0
02/02/18 21:00,000000001083,4,SB_OS,2,South,186,0,,17331,0,10,176,0,0,0,0
02/02/18 21:00,000000001083,5,SB_MID,2,South,315,0,,16473,10,7,305,0,3,0,0
02/02/18 21:00,000000001083,6,SB_NS,2,South,350,0,,15825,11,2,340,0,3,1,4
02/02/18 22:00,000000001083,1,NB_NS,1,North,220,0,,15780,41,1,207,0,9,0,3
02/02/18 22:00,000000001083,2,NB_MID,1,North,319,0,,15640,19,0,312,0,4,2,1
02/02/18 22:00,000000001083,3,NB_OS,1,North,169,0,,17326,18,4,162,0,3,0,0
02/02/18 22:00,000000001083,4,SB_OS,2,South,147,0,,16786,7,4,142,0,1,0,0
02/02/18 22:00,000000001083,5,SB_MID,2,South,291,0,,16797,3,10,279,1,0,1,0
02/02/18 22:00,000000001083,6,SB_NS,2,South,375,0,,15833,5,10,359,0,2,0,4
02/02/18 23:00,000000001083,1,NB_NS,1,North,143,0,,15068,35,4,132,0,5,0,2
02/02/18 23:00,000000001083,2,NB_MID,1,North,234,0,,16295,9,0,232,0,2,0,0
02/02/18 23:00,000000001083,3,NB_OS,1,North,119,0,,17078,8,0,118,0,1,0,0
02/02/18 23:00,000000001083,4,SB_OS,2,South,82,0,,18022,12,2,79,0,1,0,0
02/02/18 23:00,000000001083,5,SB_MID,2,South,240,0,,16833,12,8,229,0,3,0,0
02/02/18 23:00,000000001083,6,SB_NS,2,South,235,0,,16219,30,3,221,0,4,3,4
03/02/18 00:00,000000001083,1,NB_NS,1,North,106,0,,16095,38,1,101,0,3,1,0
03/02/18 00:00,000000001083,2,NB_MID,1,North,188,0,,16096,16,0,185,0,3,0,0
03/02/18 00:00,000000001083,3,NB_OS,1,North,66,0,,16944,0,0,66,0,0,0,0
03/02/18 00:00,000000001083,4,SB_OS,2,South,57,0,,17422,0,1,56,0,0,0,0
03/02/18 00:00,000000001083,5,SB_MID,2,South,166,0,,17288,18,2,161,0,3,0,0
03/02/18 00:00,000000001083,6,SB_NS,2,South,175,0,,16724,17,1,170,0,3,0,1
03/02/18 01:00,000000001083,1,NB_NS,1,North,64,0,,15100,0,0,63,0,0,0,1
03/02/18 01:00,000000001083,2,NB_MID,1,North,127,0,,16428,0,2,124,0,0,0,1
03/02/18 01:00,000000001083,3,NB_OS,1,North,27,0,,17284,0,0,27,0,0,0,0
03/02/18 01:00,000000001083,4,SB_OS,2,South,34,0,,17230,0,0,34,0,0,0,0
03/02/18 01:00,000000001083,5,SB_MID,2,South,123,0,,17807,16,4,117,0,1,1,0
03/02/18 01:00,000000001083,6,SB_NS,2,South,117,0,,16679,34,1,110,0,2,2,2
03/02/18 02:00,000000001083,1,NB_NS,1,North,66,0,,16376,61,1,60,0,3,1,1
03/02/18 02:00,000000001083,2,NB_MID,1,North,136,0,,16998,7,1,133,0,1,0,1
03/02/18 02:00,000000001083,3,NB_OS,1,North,23,0,,17923,0,0,23,0,0,0,0
03/02/18 02:00,000000001083,4,SB_OS,2,South,31,0,,17339,0,4,27,0,0,0,0
03/02/18 02:00,000000001083,5,SB_MID,2,South,101,0,,17858,0,4,97,0,0,0,0
03/02/18 02:00,000000001083,6,SB_NS,2,South,87,0,,16296,46,0,81,0,2,2,2
03/02/18 03:00,000000001083,1,NB_NS,1,North,37,0,,15833,27,1,35,0,1,0,0
03/02/18 03:00,000000001083,2,NB_MID,1,North,87,0,,16408,11,0,86,0,0,1,0
03/02/18 03:00,000000001083,3,NB_OS,1,North,14,0,,19107,0,0,14,0,0,0,0
03/02/18 03:00,000000001083,4,SB_OS,2,South,18,0,,19228,0,0,18,0,0,0,0
03/02/18 03:00,000000001083,5,SB_MID,2,South,77,0,,17716,0,0,77,0,0,0,0
03/02/18 03:00,000000001083,6,SB_NS,2,South,71,0,,16123,56,2,64,0,4,0,1
03/02/18 04:00,000000001083,1,NB_NS,1,North,39,0,,16895,103,0,35,0,4,0,0
03/02/18 04:00,000000001083,2,NB_MID,1,North,93,0,,16980,32,1,88,0,3,0,1
03/02/18 04:00,000000001083,3,NB_OS,1,North,11,0,,16768,0,0,11,0,0,0,0
03/02/18 04:00,000000001083,4,SB_OS,2,South,17,0,,18480,0,1,16,0,0,0,0
03/02/18 04:00,000000001083,5,SB_MID,2,South,72,0,,17878,0,3,69,0,0,0,0
03/02/18 04:00,000000001083,6,SB_NS,2,South,72,0,,17106,28,1,69,0,2,0,0
03/02/18 05:00,000000001083,1,NB_NS,1,North,77,0,,16266,52,0,73,0,4,0,0
03/02/18 05:00,000000001083,2,NB_MID,1,North,104,0,,16763,19,0,102,0,0,2,0
03/02/18 05:00,000000001083,3,NB_OS,1,North,21,0,,17116,0,0,21,0,0,0,0
03/02/18 05:00,000000001083,4,SB_OS,2,South,24,0,,17072,42,1,22,0,1,0,0
03/02/18 05:00,000000001083,5,SB_MID,2,South,61,0,,18215,0,3,58,0,0,0,0
03/02/18 05:00,000000001083,6,SB_NS,2,South,88,0,,17087,34,1,84,0,2,1,0
03/02/18 06:00,000000001083,1,NB_NS,1,North,127,0,,16605,47,1,116,0,6,0,4
03/02/18 06:00,000000001083,2,NB_MID,1,North,146,0,,16927,68,2,134,0,6,4,0
03/02/18 06:00,000000001083,3,NB_OS,1,North,80,0,,17219,25,2,76,0,2,0,0
03/02/18 06:00,000000001083,4,SB_OS,2,South,51,0,,17658,0,2,49,0,0,0,0
03/02/18 06:00,000000001083,5,SB_MID,2,South,116,0,,17179,43,6,103,1,5,0,1
03/02/18 06:00,000000001083,6,SB_NS,2,South,144,0,,16717,56,2,134,0,8,0,0
03/02/18 07:00,000000001083,1,NB_NS,1,North,185,0,,16251,70,2,168,0,13,0,2
03/02/18 07:00,000000001083,2,NB_MID,1,North,227,0,,16360,26,3,218,0,5,1,0
03/02/18 07:00,000000001083,3,NB_OS,1,North,187,0,,16606,43,0,179,0,8,0,0
03/02/18 07:00,000000001083,4,SB_OS,2,South,108,0,,17274,46,5,96,2,5,0,0
03/02/18 07:00,000000001083,5,SB_MID,2,South,222,0,,17160,32,7,208,0,7,0,0
03/02/18 07:00,000000001083,6,SB_NS,2,South,239,0,,16097,59,5,216,2,13,1,2
03/02/18 08:00,000000001083,1,NB_NS,1,North,299,0,,14609,20,0,280,2,5,1,11
03/02/18 08:00,000000001083,2,NB_MID,1,North,416,0,,15460,29,4,400,0,11,1,0
03/02/18 08:00,000000001083,3,NB_OS,1,North,389,0,,16218,28,0,378,0,11,0,0
03/02/18 08:00,000000001083,4,SB_OS,2,South,216,0,,16727,14,7,204,1,3,0,1
03/02/18 08:00,000000001083,5,SB_MID,2,South,348,0,,16696,40,8,326,0,13,1,0
03/02/18 08:00,000000001083,6,SB_NS,2,South,411,0,,16441,66,2,375,3,21,6,4
03/02/18 09:00,000000001083,1,NB_NS,1,North,480,0,,13984,35,9,443,1,17,0,10
03/02/18 09:00,000000001083,2,NB_MID,1,North,605,0,,14859,33,5,579,1,17,3,0
03/02/18 09:00,000000001083,3,NB_OS,1,North,502,0,,15672,14,0,495,0,7,0,0
03/02/18 09:00,000000001083,4,SB_OS,2,South,343,0,,16190,6,8,333,0,2,0,0
03/02/18 09:00,000000001083,5,SB_MID,2,South,450,0,,16433,13,8,435,1,5,1,0
03/02/18 09:00,000000001083,6,SB_NS,2,South,536,0,,15720,28,5,509,0,14,1,7
03/02/18 10:00,000000001083,1,NB_NS,1,North,601,0,,13646,23,4,573,0,13,1,10
03/02/18 10:00,000000001083,2,NB_MID,1,North,653,0,,14578,28,3,630,1,15,3,0
03/02/18 10:00,000000001083,3,NB_OS,1,North,548,0,,15138,15,0,539,1,8,0,0
03/02/18 10:00,000000001083,4,SB_OS,2,South,409,0,,15852,12,8,396,0,4,1,0
03/02/18 10:00,000000001083,5,SB_MID,2,South,538,0,,15812,19,12,515,1,10,0,0
03/02/18 10:00,000000001083,6,SB_NS,2,South,631,0,,15047,27,3,603,0,14,3,8
03/02/18 11:00,000000001083,1,NB_NS,1,North,697,0,,12985,19,3,666,0,13,0,15
03/02/18 11:00,000000001083,2,NB_MID,1,North,834,0,,13886,22,1,807,0,16,2,8
03/02/18 11:00,000000001083,3,NB_OS,1,North,726,0,,14688,12,2,714,1,8,1,0
03/02/18 11:00,000000001083,4,SB_OS,2,South,523,0,,15430,8,17,502,0,4,0,0
03/02/18 11:00,000000001083,5,SB_MID,2,South,575,0,,15142,16,17,549,0,9,0,0
03/02/18 11:00,000000001083,6,SB_NS,2,South,696,0,,14680,14,4,672,0,10,0,10
03/02/18 12:00,000000001083,1,NB_NS,1,North,809,0,,12498,15,7,778,0,11,1,12
03/02/18 12:00,000000001083,2,NB_MID,1,North,978,0,,12146,17,7,947,1,15,2,6
03/02/18 12:00,000000001083,3,NB_OS,1,North,944,0,,12190,11,2,927,3,9,1,2
03/02/18 12:00,000000001083,4,SB_OS,2,South,506,0,,15334,4,13,491,0,2,0,0
03/02/18 12:00,000000001083,5,SB_MID,2,South,568,0,,14984,9,14,547,2,5,0,0
03/02/18 12:00,000000001083,6,SB_NS,2,South,704,0,,14730,14,8,675,3,8,2,8
03/02/18 13:00,000000001083,1,NB_NS,1,North,959,0,,9783,8,5,934,2,8,0,10
03/02/18 13:00,000000001083,2,NB_MID,1,North,1036,0,,7104,17,12,1002,1,16,2,2
03/02/18 13:00,000000001083,3,NB_OS,1,North,922,0,,7021,31,4,881,0,27,2,8
03/02/18 13:00,000000001083,4,SB_OS,2,South,521,0,,15555,6,11,505,1,2,1,1
03/02/18 13:00,000000001083,5,SB_MID,2,South,544,0,,15292,9,14,525,0,5,0,0
03/02/18 13:00,000000001083,6,SB_NS,2,South,704,0,,14781,16,5,680,0,8,3,8
03/02/18 14:00,000000001083,1,NB_NS,1,North,855,0,,8873,22,7,821,0,18,1,8
03/02/18 14:00,000000001083,2,NB_MID,1,North,870,0,,9035,23,6,840,0,20,0,4
03/02/18 14:00,000000001083,3,NB_OS,1,North,907,0,,9175,15,3,888,1,13,1,1
03/02/18 14:00,000000001083,4,SB_OS,2,South,424,0,,15704,7,11,409,1,3,0,0
03/02/18 14:00,000000001083,5,SB_MID,2,South,519,0,,15890,10,14,499,1,4,1,0
03/02/18 14:00,000000001083,6,SB_NS,2,South,647,0,,15170,11,4,625,0,7,0,11
03/02/18 15:00,000000001083,1,NB_NS,1,North,567,0,,13684,18,6,542,1,8,2,8
03/02/18 15:00,000000001083,2,NB_MID,1,North,608,0,,14635,16,3,589,3,10,0,3
03/02/18 15:00,000000001083,3,NB_OS,1,North,517,0,,15447,14,0,510,0,7,0,0
03/02/18 15:00,000000001083,4,SB_OS,2,South,494,0,,16097,4,8,483,1,2,0,0
03/02/18 15:00,000000001083,5,SB_MID,2,South,543,0,,15724,11,11,525,0,6,0,1
03/02/18 15:00,000000001083,6,SB_NS,2,South,677,0,,15109,16,5,648,2,10,1,11
03/02/18 16:00,000000001083,1,NB_NS,1,North,570,0,,13865,18,3,545,2,10,0,10
03/02/18 16:00,000000001083,2,NB_MID,1,North,509,0,,14767,8,5,498,0,4,0,2
03/02/18 16:00,000000001083,3,NB_OS,1,North,496,0,,15386,14,0,489,0,7,0,0
03/02/18 16:00,000000001083,4,SB_OS,2,South,591,0,,15672,0,14,575,1,0,0,1
03/02/18 16:00,000000001083,5,SB_MID,2,South,683,0,,15273,9,23,653,1,4,2,0
03/02/18 16:00,000000001083,6,SB_NS,2,South,860,0,,13966,9,6,838,0,8,0,8
03/02/18 17:00,000000001083,1,NB_NS,1,North,432,0,,12279,9,4,413,1,3,1,10
03/02/18 17:00,000000001083,2,NB_MID,1,North,407,0,,12526,12,3,397,0,4,1,2
03/02/18 17:00,000000001083,3,NB_OS,1,North,373,0,,12484,21,4,360,0,7,1,1
03/02/18 17:00,000000001083,4,SB_OS,2,South,1235,0,,10730,4,17,1211,0,3,2,2
03/02/18 17:00,000000001083,5,SB_MID,2,South,917,0,,7425,19,16,880,0,14,3,4
03/02/18 17:00,000000001083,6,SB_NS,2,South,1095,0,,4633,30,7,1046,2,31,2,7
03/02/18 18:00,000000001083,1,NB_NS,1,North,426,0,,13725,12,1,416,0,5,0,4
03/02/18 18:00,000000001083,2,NB_MID,1,North,451,0,,14783,16,3,441,0,6,1,0
03/02/18 18:00,000000001083,3,NB_OS,1,North,371,0,,15119,8,1,367,0,3,0,0
03/02/18 18:00,000000001083,4,SB_OS,2,South,675,0,,12466,7,14,654,0,5,0,2
03/02/18 18:00,000000001083,5,SB_MID,2,South,683,0,,10898,20,17,645,1,13,1,6
03/02/18 18:00,000000001083,6,SB_NS,2,South,905,0,,9495,17,4,879,2,11,4,5
03/02/18 19:00,000000001083,1,NB_NS,1,North,373,0,,14456,8,1,363,0,3,0,6
03/02/18 19:00,000000001083,2,NB_MID,1,North,431,0,,15151,12,3,420,2,4,1,1
03/02/18 19:00,000000001083,3,NB_OS,1,North,326,0,,16230,9,1,322,0,3,0,0
03/02/18 19:00,000000001083,4,SB_OS,2,South,321,0,,16367,9,10,307,0,3,0,1
03/02/18 19:00,000000001083,5,SB_MID,2,South,462,0,,16251,4,14,446,0,2,0,0
03/02/18 19:00,000000001083,6,SB_NS,2,South,546,0,,15398,18,8,521,1,9,1,6
03/02/18 20:00,000000001083,1,NB_NS,1,North,253,0,,14922,16,0,246,0,3,1,3
03/02/18 20:00,000000001083,2,NB_MID,1,North,328,0,,15486,12,1,323,0,4,0,0
03/02/18 20:00,000000001083,3,NB_OS,1,North,224,0,,16042,4,1,222,0,1,0,0
03/02/18 20:00,000000001083,4,SB_OS,2,South,203,0,,16906,5,7,195,0,1,0,0
03/02/18 20:00,000000001083,5,SB_MID,2,South,326,0,,16875,9,6,317,0,3,0,0
03/02/18 20:00,000000001083,6,SB_NS,2,South,353,0,,16019,14,1,343,0,3,2,4
03/02/18 21:00,000000001083,1,NB_NS,1,North,221,0,,14739,14,0,215,0,3,0,3
03/02/18 21:00,000000001083,2,NB_MID,1,North,303,0,,15849,10,2,297,0,3,0,1
03/02/18 21:00,000000001083,3,NB_OS,1,North,139,0,,16009,0,1,138,0,0,0,0
03/02/18 21:00,000000001083,4,SB_OS,2,South,160,0,,16911,0,5,155,0,0,0,0
03/02/18 21:00,000000001083,5,SB_MID,2,South,291,0,,16660,0,7,284,0,0,0,0
03/02/18 21:00,000000001083,6,SB_NS,2,South,285,0,,15558,25,0,275,0,6,1,3
03/02/18 22:00,000000001083,1,NB_NS,1,North,199,0,,15500,0,0,194,1,0,0,4
03/02/18 22:00,000000001083,2,NB_MID,1,North,245,0,,15832,12,2,240,0,2,1,0
03/02/18 22:00,000000001083,3,NB_OS,1,North,122,0,,16576,8,0,121,0,1,0,0
03/02/18 22:00,000000001083,4,SB_OS,2,South,144,0,,17432,7,4,139,0,1,0,0
03/02/18 22:00,000000001083,5,SB_MID,2,South,293,0,,16588,10,3,287,0,2,1,0
03/02/18 22:00,000000001083,6,SB_NS,2,South,338,0,,15742,6,2,329,1,1,1,4
03/02/18 23:00,000000001083,1,NB_NS,1,North,165,0,,15702,18,2,157,0,3,0,3
03/02/18 23:00,000000001083,2,NB_MID,1,North,229,0,,15944,17,1,224,0,3,1,0
03/02/18 23:00,000000001083,3,NB_OS,1,North,114,0,,16905,18,1,111,0,2,0,0
03/02/18 23:00,000000001083,4,SB_OS,2,South,105,0,,17063,0,5,100,0,0,0,0
03/02/18 23:00,000000001083,5,SB_MID,2,South,277,0,,17206,18,8,264,0,5,0,0
03/02/18 23:00,000000001083,6,SB_NS,2,South,249,0,,15929,12,0,241,0,3,0,5
04/02/18 00:00,000000001083,1,NB_NS,1,North,105,0,,16106,10,0,104,0,1,0,0
04/02/18 00:00,000000001083,2,NB_MID,1,North,206,0,,16452,5,1,203,0,1,0,1
04/02/18 00:00,000000001083,3,NB_OS,1,North,60,0,,17431,17,1,58,0,1,0,0
04/02/18 00:00,000000001083,4,SB_OS,2,South,85,0,,17180,0,3,82,0,0,0,0
04/02/18 00:00,000000001083,5,SB_MID,2,South,211,0,,17264,5,4,206,0,0,1,0
04/02/18 00:00,000000001083,6,SB_NS,2,South,188,0,,16418,16,0,184,0,2,1,1
04/02/18 01:00,000000001083,1,NB_NS,1,North,115,0,,15729,43,0,110,0,5,0,0
04/02/18 01:00,000000001083,2,NB_MID,1,North,168,0,,16959,0,1,166,0,0,0,1
04/02/18 01:00,000000001083,3,NB_OS,1,North,44,0,,17443,23,0,43,0,1,0,0
04/02/18 01:00,000000001083,4,SB_OS,2,South,62,0,,17930,16,2,59,0,1,0,0
04/02/18 01:00,000000001083,5,SB_MID,2,South,161,0,,17417,19,3,155,0,2,1,0
04/02/18 01:00,000000001083,6,SB_NS,2,South,173,0,,16961,23,3,164,0,2,2,2
04/02/18 02:00,000000001083,1,NB_NS,1,North,90,0,,15809,33,1,85,0,3,0,1
04/02/18 02:00,000000001083,2,NB_MID,1,North,149,0,,16683,0,0,148,0,0,0,1
04/02/18 02:00,000000001083,3,NB_OS,1,North,41,0,,18489,0,0,41,0,0,0,0
04/02/18 02:00,000000001083,4,SB_OS,2,South,26,0,,18462,0,0,26,0,0,0,0
04/02/18 02:00,000000001083,5,SB_MID,2,South,121,0,,18225,0,1,120,0,0,0,0
04/02/18 02:00,000000001083,6,SB_NS,2,South,117,0,,16883,0,2,113,0,0,0,2
04/02/18 03:00,000000001083,1,NB_NS,1,North,53,0,,15713,19,1,51,0,1,0,0
04/02/18 03:00,000000001083,2,NB_MID,1,North,127,0,,16947,39,0,122,0,5,0,0
04/02/18 03:00,000000001083,3,NB_OS,1,North,20,0,,18986,0,0,20,0,0,0,0
04/02/18 03:00,000000001083,4,SB_OS,2,South,26,0,,19081,0,0,26,0,0,0,0
04/02/18 03:00,000000001083,5,SB_MID,2,South,125,0,,17836,8,2,122,0,1,0,0
04/02/18 03:00,000000001083,6,SB_NS,2,South,97,0,,17022,10,0,95,0,1,0,1
04/02/18 04:00,000000001083,1,NB_NS,1,North,49,0,,15981,0,0,49,0,0,0,0
04/02/18 04:00,000000001083,2,NB_MID,1,North,113,0,,16964,0,1,112,0,0,0,0
04/02/18 04:00,000000001083,3,NB_OS,1,North,15,0,,19056,0,0,15,0,0,0,0
04/02/18 04:00,000000001083,4,SB_OS,2,South,20,0,,17764,0,0,20,0,0,0,0
04/02/18 04:00,000000001083,5,SB_MID,2,South,93,0,,18456,0,0,93,0,0,0,0
04/02/18 04:00,000000001083,6,SB_NS,2,South,115,0,,17232,35,1,110,0,3,1,0
04/02/18 05:00,000000001083,1,NB_NS,1,North,62,0,,16228,16,1,60,0,1,0,0
04/02/18 05:00,000000001083,2,NB_MID,1,North,93,0,,16897,11,1,91,0,1,0,0
04/02/18 05:00,000000001083,3,NB_OS,1,North,31,0,,17446,0,0,31,0,0,0,0
04/02/18 05:00,000000001083,4,SB_OS,2,South,14,0,,17936,71,1,12,0,1,0,0
04/02/18 05:00,000000001083,5,SB_MID,2,South,64,0,,18698,31,2,60,0,1,1,0
04/02/18 05:00,000000001083,6,SB_NS,2,South,96,0,,17237,0,1,95,0,0,0,0
04/02/18 06:00,000000001083,1,NB_NS,1,North,98,0,,16412,31,0,94,0,2,1,1
04/02/18 06:00,000000001083,2,NB_MID,1,North,89,0,,17372,11,1,87,0,0,1,0
04/02/18 06:00,000000001083,3,NB_OS,1,North,36,0,,17932,0,0,36,0,0,0,0
04/02/18 06:00,000000001083,4,SB_OS,2,South,37,0,,17928,0,3,34,0,0,0,0
04/02/18 06:00,000000001083,5,SB_MID,2,South,77,0,,17395,13,4,72,0,1,0,0
04/02/18 06:00,000000001083,6,SB_NS,2,South,111,0,,17645,9,0,110,0,1,0,0
04/02/18 07:00,000000001083,1,NB_NS,1,North,81,0,,16166,0,0,80,0,0,0,1
04/02/18 07:00,000000001083,2,NB_MID,1,North,137,0,,16535,15,2,132,0,2,0,1
04/02/18 07:00,000000001083,3,NB_OS,1,North,65,0,,15761,0,0,65,0,0,0,0
04/02/18 07:00,000000001083,4,SB_OS,2,South,62,0,,17182,0,1,61,0,0,0,0
04/02/18 07:00,000000001083,5,SB_MID,2,South,109,0,,17393,9,0,107,0,1,0,1
04/02/18 07:00,000000001083,6,SB_NS,2,South,162,0,,17056,25,1,157,0,3,1,0
04/02/18 08:00,000000001083,1,NB_NS,1,North,134,0,,15607,45,1,123,1,6,0,3
04/02/18 08:00,000000001083,2,NB_MID,1,North,212,0,,15856,52,4,197,0,9,2,0
04/02/18 08:00,000000001083,3,NB_OS,1,North,124,0,,16624,16,1,121,0,2,0,0
04/02/18 08:00,000000001083,4,SB_OS,2,South,96,0,,16997,0,4,92,0,0,0,0
04/02/18 08:00,000000001083,5,SB_MID,2,South,160,0,,16556,44,6,147,0,7,0,0
04/02/18 08:00,000000001083,6,SB_NS,2,South,207,0,,16518,29,1,200,0,4,2,0
04/02/18 09:00,000000001083,1,NB_NS,1,North,249,0,,14739,8,2,242,0,2,0,3
04/02/18 09:00,000000001083,2,NB_MID,1,North,382,0,,15696,10,4,372,0,3,1,2
04/02/18 09:00,000000001083,3,NB_OS,1,North,278,0,,16378,18,0,273,0,5,0,0
04/02/18 09:00,000000001083,4,SB_OS,2,South,182,0,,16990,5,4,177,0,1,0,0
04/02/18 09:00,000000001083,5,SB_MID,2,South,266,0,,17152,19,7,254,0,4,1,0
04/02/18 09:00,000000001083,6,SB_NS,2,South,318,0,,15940,19,5,302,0,5,1,5
04/02/18 10:00,000000001083,1,NB_NS,1,North,390,0,,14366,13,3,376,1,5,0,5
04/02/18 10:00,000000001083,2,NB_MID,1,North,532,0,,15078,17,3,519,0,7,2,0
04/02/18 10:00,000000001083,3,NB_OS,1,North,395,0,,16029,3,0,394,0,1,0,0
04/02/18 10:00,000000001083,4,SB_OS,2,South,341,0,,16504,6,7,332,0,2,0,0
04/02/18 10:00,000000001083,5,SB_MID,2,South,439,0,,16207,9,13,422,0,4,0,0
04/02/18 10:00,000000001083,6,SB_NS,2,South,531,0,,15510,21,7,506,1,9,2,6
04/02/18 11:00,000000001083,1,NB_NS,1,North,543,0,,13708,17,3,525,1,9,0,5
04/02/18 11:00,000000001083,2,NB_MID,1,North,540,0,,14745,11,7,527,0,5,1,0
04/02/18 11:00,000000001083,3,NB_OS,1,North,467,0,,15461,6,1,463,0,3,0,0
04/02/18 11:00,000000001083,4,SB_OS,2,South,409,0,,16334,10,12,393,0,3,1,0
04/02/18 11:00,000000001083,5,SB_MID,2,South,459,0,,16147,13,14,439,0,6,0,0
04/02/18 11:00,000000001083,6,SB_NS,2,South,643,0,,15487,22,4,621,0,13,1,4
04/02/18 12:00,000000001083,1,NB_NS,1,North,573,0,,13785,10,3,559,1,6,0,4
04/02/18 12:00,000000001083,2,NB_MID,1,North,679,0,,14532,12,9,659,0,7,1,3
04/02/18 12:00,000000001083,3,NB_OS,1,North,608,0,,15016,8,0,602,0,5,0,1
04/02/18 12:00,000000001083,4,SB_OS,2,South,510,0,,16015,0,10,498,2,0,0,0
04/02/18 12:00,000000001083,5,SB_MID,2,South,555,0,,15727,9,15,535,0,3,2,0
04/02/18 12:00,000000001083,6,SB_NS,2,South,764,0,,15096,9,5,747,2,7,0,3
04/02/18 13:00,000000001083,1,NB_NS,1,North,605,0,,13882,8,2,593,0,4,1,5
04/02/18 13:00,000000001083,2,NB_MID,1,North,637,0,,14326,5,7,625,1,2,1,1
04/02/18 13:00,000000001083,3,NB_OS,1,North,570,0,,15156,12,1,561,1,6,1,0
04/02/18 13:00,000000001083,4,SB_OS,2,South,541,0,,16237,2,14,526,0,1,0,0
04/02/18 13:00,000000001083,5,SB_MID,2,South,603,0,,15892,8,13,585,0,4,1,0
04/02/18 13:00,000000001083,6,SB_NS,2,South,751,0,,15123,15,3,732,0,10,1,5
04/02/18 14:00,000000001083,1,NB_NS,1,North,561,0,,14079,14,5,542,2,7,1,4
04/02/18 14:00,000000001083,2,NB_MID,1,North,612,0,,14942,16,3,599,0,9,1,0
04/02/18 14:00,000000001083,3,NB_OS,1,North,528,0,,15568,9,1,522,0,5,0,0
04/02/18 14:00,000000001083,4,SB_OS,2,South,494,0,,16694,2,13,480,0,0,1,0
04/02/18 14:00,000000001083,5,SB_MID,2,South,587,0,,15796,10,16,565,0,6,0,0
04/02/18 14:00,000000001083,6,SB_NS,2,South,710,0,,15097,11,2,694,1,7,1,5
04/02/18 15:00,000000001083,1,NB_NS,1,North,525,0,,14102,8,7,508,1,4,0,5
04/02/18 15:00,000000001083,2,NB_MID,1,North,532,0,,15211,11,7,518,0,5,1,1
04/02/18 15:00,000000001083,3,NB_OS,1,North,472,0,,15768,4,1,468,1,2,0,0
04/02/18 15:00,000000001083,4,SB_OS,2,South,446,0,,16474,2,8,435,2,1,0,0
04/02/18 15:00,000000001083,5,SB_MID,2,South,538,0,,16079,4,13,523,0,2,0,0
04/02/18 15:00,000000001083,6,SB_NS,2,South,621,0,,15102,18,3,599,1,9,2,7
04/02/18 16:00,000000001083,1,NB_NS,1,North,501,0,,14288,8,3,489,1,4,0,4
04/02/18 16:00,000000001083,2,NB_MID,1,North,479,0,,15009,13,2,469,1,6,0,1
04/02/18 16:00,000000001083,3,NB_OS,1,North,493,0,,15416,8,0,488,1,3,1,0
04/02/18 16:00,000000001083,4,SB_OS,2,South,438,0,,16660,5,14,419,1,2,0,2
04/02/18 16:00,000000001083,5,SB_MID,2,South,537,0,,16235,11,14,517,0,6,0,0
04/02/18 16:00,000000001083,6,SB_NS,2,South,660,0,,15128,0,4,650,1,0,0,5
04/02/18 17:00,000000001083,1,NB_NS,1,North,434,0,,14158,16,4,416,2,7,0,5
04/02/18 17:00,000000001083,2,NB_MID,1,North,470,0,,15040,2,9,460,0,0,1,0
04/02/18 17:00,000000001083,3,NB_OS,1,North,401,0,,15720,5,1,398,0,2,0,0
04/02/18 17:00,000000001083,4,SB_OS,2,South,338,0,,16612,6,9,326,1,2,0,0
04/02/18 17:00,000000001083,5,SB_MID,2,South,461,0,,15942,0,10,451,0,0,0,0
04/02/18 17:00,000000001083,6,SB_NS,2,South,508,0,,15415,10,4,495,0,4,1,4
04/02/18 18:00,000000001083,1,NB_NS,1,North,342,0,,14622,12,3,330,0,4,0,5
04/02/18 18:00,000000001083,2,NB_MID,1,North,404,0,,15129,15,3,391,1,5,1,3
04/02/18 18:00,000000001083,3,NB_OS,1,North,350,0,,15633,23,0,342,0,8,0,0
04/02/18 18:00,000000001083,4,SB_OS,2,South,269,0,,16806,4,8,260,0,0,1,0
04/02/18 18:00,000000001083,5,SB_MID,2,South,348,0,,16489,6,9,337,0,2,0,0
04/02/18 18:00,000000001083,6,SB_NS,2,South,410,0,,15537,12,2,397,0,3,2,6
04/02/18 19:00,000000001083,1,NB_NS,1,North,286,0,,15196,14,4,274,0,3,1,4
04/02/18 19:00,000000001083,2,NB_MID,1,North,317,0,,15443,3,4,312,0,1,0,0
04/02/18 19:00,000000001083,3,NB_OS,1,North,259,0,,16121,27,1,251,0,7,0,0
04/02/18 19:00,000000001083,4,SB_OS,2,South,205,0,,17382,10,8,195,0,1,1,0
04/02/18 19:00,000000001083,5,SB_MID,2,South,295,0,,16714,7,10,283,0,2,0,0
04/02/18 19:00,000000001083,6,SB_NS,2,South,363,0,,15850,14,5,349,0,4,1,4
04/02/18 20:00,000000001083,1,NB_NS,1,North,211,0,,15090,14,0,203,1,3,0,4
04/02/18 20:00,000000001083,2,NB_MID,1,North,281,0,,16033,4,2,277,1,1,0,0
04/02/18 20:00,000000001083,3,NB_OS,1,North,177,0,,15953,17,0,174,0,3,0,0
04/02/18 20:00,000000001083,4,SB_OS,2,South,158,0,,17168,0,4,154,0,0,0,0
04/02/18 20:00,000000001083,5,SB_MID,2,South,252,0,,16809,16,6,242,0,4,0,0
04/02/18 20:00,000000001083,6,SB_NS,2,South,286,0,,16120,14,2,275,0,3,1,5
04/02/18 21:00,000000001083,1,NB_NS,1,North,189,0,,15631,32,1,178,0,6,0,4
04/02/18 21:00,000000001083,2,NB_MID,1,North,214,0,,16391,23,2,207,0,2,3,0
04/02/18 21:00,000000001083,3,NB_OS,1,North,132,0,,16431,8,1,130,0,1,0,0
04/02/18 21:00,000000001083,4,SB_OS,2,South,149,0,,17021,7,8,140,0,1,0,0
04/02/18 21:00,000000001083,5,SB_MID,2,South,225,0,,16595,0,6,219,0,0,0,0
04/02/18 21:00,000000001083,6,SB_NS,2,South,216,0,,16036,19,3,203,0,4,0,6
04/02/18 22:00,000000001083,1,NB_NS,1,North,138,0,,15314,14,6,126,0,1,1,4
04/02/18 22:00,000000001083,2,NB_MID,1,North,175,0,,15809,11,1,171,0,2,0,1
04/02/18 22:00,000000001083,3,NB_OS,1,North,101,0,,16587,0,0,101,0,0,0,0
04/02/18 22:00,000000001083,4,SB_OS,2,South,82,0,,17144,0,3,79,0,0,0,0
04/02/18 22:00,000000001083,5,SB_MID,2,South,175,0,,17122,11,2,171,0,2,0,0
04/02/18 22:00,000000001083,6,SB_NS,2,South,204,0,,15816,20,2,193,0,3,1,5
04/02/18 23:00,000000001083,1,NB_NS,1,North,93,0,,15938,32,2,86,0,3,0,2
04/02/18 23:00,000000001083,2,NB_MID,1,North,106,0,,16963,0,0,106,0,0,0,0
04/02/18 23:00,000000001083,3,NB_OS,1,North,44,0,,16806,0,0,44,0,0,0,0
04/02/18 23:00,000000001083,4,SB_OS,2,South,40,0,,17319,0,3,37,0,0,0,0
04/02/18 23:00,000000001083,5,SB_MID,2,South,115,0,,17329,17,3,109,0,1,1,1
04/02/18 23:00,000000001083,6,SB_NS,2,South,127,0,,16774,24,1,121,0,1,2,2
05/02/18 00:00,000000001083,1,NB_NS,1,North,47,0,,15727,0,0,47,0,0,0,0
05/02/18 00:00,000000001083,2,NB_MID,1,North,69,0,,16771,0,0,69,0,0,0,0
05/02/18 00:00,000000001083,3,NB_OS,1,North,15,0,,17074,0,0,15,0,0,0,0
05/02/18 00:00,000000001083,4,SB_OS,2,South,20,0,,17583,100,3,15,0,1,1,0
05/02/18 00:00,000000001083,5,SB_MID,2,South,63,0,,17526,0,1,62,0,0,0,0
05/02/18 00:00,000000001083,6,SB_NS,2,South,69,0,,17085,58,1,64,0,3,1,0
05/02/18 01:00,000000001083,1,NB_NS,1,North,19,0,,16374,53,1,17,0,1,0,0
05/02/18 01:00,000000001083,2,NB_MID,1,North,38,0,,15724,0,0,37,1,0,0,0
05/02/18 01:00,000000001083,3,NB_OS,1,North,10,0,,15722,0,1,9,0,0,0,0
05/02/18 01:00,000000001083,4,SB_OS,2,South,9,0,,16821,111,0,8,0,1,0,0
05/02/18 01:00,000000001083,5,SB_MID,2,South,39,0,,17130,77,1,35,0,3,0,0
05/02/18 01:00,000000001083,6,SB_NS,2,South,43,0,,16098,23,0,42,0,0,1,0
05/02/18 02:00,000000001083,1,NB_NS,1,North,27,0,,18354,74,0,25,0,2,0,0
05/02/18 02:00,000000001083,2,NB_MID,1,North,28,0,,16141,0,0,27,1,0,0,0
05/02/18 02:00,000000001083,3,NB_OS,1,North,8,0,,15694,250,0,6,0,2,0,0
05/02/18 02:00,000000001083,4,SB_OS,2,South,9,0,,14599,0,3,6,0,0,0,0
05/02/18 02:00,000000001083,5,SB_MID,2,South,28,0,,16756,0,2,26,0,0,0,0
05/02/18 02:00,000000001083,6,SB_NS,2,South,35,0,,16087,143,0,30,0,5,0,0
05/02/18 03:00,000000001083,1,NB_NS,1,North,27,0,,17346,0,1,26,0,0,0,0
05/02/18 03:00,000000001083,2,NB_MID,1,North,28,0,,17054,71,0,26,0,2,0,0
05/02/18 03:00,000000001083,3,NB_OS,1,North,8,0,,15764,125,0,7,0,1,0,0
05/02/18 03:00,000000001083,4,SB_OS,2,South,12,0,,17315,167,1,9,0,2,0,0
05/02/18 03:00,000000001083,5,SB_MID,2,South,44,0,,16780,68,1,40,0,3,0,0
05/02/18 03:00,000000001083,6,SB_NS,2,South,37,0,,17072,81,0,34,0,3,0,0
05/02/18 04:00,000000001083,1,NB_NS,1,North,44,0,,15758,45,0,42,0,2,0,0
05/02/18 04:00,000000001083,2,NB_MID,1,North,65,0,,16795,15,0,63,1,1,0,0
05/02/18 04:00,000000001083,3,NB_OS,1,North,22,0,,16919,91,0,20,0,2,0,0
05/02/18 04:00,000000001083,4,SB_OS,2,South,10,0,,18722,100,0,9,0,1,0,0
05/02/18 04:00,000000001083,5,SB_MID,2,South,45,0,,17617,67,0,42,0,3,0,0
05/02/18 04:00,000000001083,6,SB_NS,2,South,68,0,,17688,74,1,62,0,3,2,0
05/02/18 05:00,000000001083,1,NB_NS,1,North,177,0,,16012,23,7,164,0,4,0,2
05/02/18 05:00,000000001083,2,NB_MID,1,North,139,0,,16739,50,0,130,1,5,2,1
05/02/18 05:00,000000001083,3,NB_OS,1,North,58,0,,17601,0,0,58,0,0,0,0
05/02/18 05:00,000000001083,4,SB_OS,2,South,58,0,,17907,0,1,57,0,0,0,0
05/02/18 05:00,000000001083,5,SB_MID,2,South,94,0,,17187,32,5,86,0,3,0,0
05/02/18 05:00,000000001083,6,SB_NS,2,South,139,0,,16671,43,2,131,0,5,1,0
05/02/18 06:00,000000001083,1,NB_NS,1,North,326,0,,15088,43,3,298,1,14,0,10
05/02/18 06:00,000000001083,2,NB_MID,1,North,483,0,,15197,35,3,461,2,14,3,0
05/02/18 06:00,000000001083,3,NB_OS,1,North,421,0,,15983,19,1,411,1,8,0,0
05/02/18 06:00,000000001083,4,SB_OS,2,South,223,0,,17154,9,10,210,0,2,0,1
05/02/18 06:00,000000001083,5,SB_MID,2,South,252,0,,17114,48,5,235,0,12,0,0
05/02/18 06:00,000000001083,6,SB_NS,2,South,373,0,,16611,46,2,351,0,16,1,3
05/02/18 07:00,000000001083,1,NB_NS,1,North,823,0,,10961,27,7,780,1,20,2,13
05/02/18 07:00,000000001083,2,NB_MID,1,North,1114,0,,8917,27,5,1077,0,28,2,1
05/02/18 07:00,000000001083,3,NB_OS,1,North,1193,0,,9328,24,0,1158,0,26,3,5
05/02/18 07:00,000000001083,4,SB_OS,2,South,535,0,,15433,11,17,512,0,5,1,0
05/02/18 07:00,000000001083,5,SB_MID,2,South,512,0,,15129,29,12,484,1,15,0,0
05/02/18 07:00,000000001083,6,SB_NS,2,South,927,0,,14545,29,5,880,3,22,5,12
05/02/18 08:00,000000001083,1,NB_NS,1,North,768,0,,6526,47,5,720,0,33,3,7
05/02/18 08:00,000000001083,2,NB_MID,1,North,934,0,,5909,41,7,884,1,36,2,4
05/02/18 08:00,000000001083,3,NB_OS,1,North,908,0,,6460,22,5,878,3,18,2,2
05/02/18 08:00,000000001083,4,SB_OS,2,South,541,0,,15748,24,13,513,2,12,1,0
05/02/18 08:00,000000001083,5,SB_MID,2,South,527,0,,15306,27,9,503,0,14,0,1
05/02/18 08:00,000000001083,6,SB_NS,2,South,1043,0,,14352,38,4,987,2,35,5,10
05/02/18 09:00,000000001083,1,NB_NS,1,North,664,0,,9949,51,2,616,2,32,2,10
05/02/18 09:00,000000001083,2,NB_MID,1,North,854,0,,9478,41,11,803,0,32,3,4
05/02/18 09:00,000000001083,3,NB_OS,1,North,913,0,,9874,41,4,871,0,34,3,1
05/02/18 09:00,000000001083,4,SB_OS,2,South,429,0,,16696,35,9,404,1,14,1,0
05/02/18 09:00,000000001083,5,SB_MID,2,South,470,0,,15908,34,14,439,1,15,1,0
05/02/18 09:00,000000001083,6,SB_NS,2,South,671,0,,15019,76,3,607,0,46,5,10
05/02/18 10:00,000000001083,1,NB_NS,1,North,561,0,,13551,50,4,519,0,26,2,10
05/02/18 10:00,000000001083,2,NB_MID,1,North,598,0,,14692,74,9,542,1,41,3,2
05/02/18 10:00,000000001083,3,NB_OS,1,North,507,0,,15386,30,3,489,0,15,0,0
05/02/18 10:00,000000001083,4,SB_OS,2,South,376,0,,16488,21,5,363,0,6,2,0
05/02/18 10:00,000000001083,5,SB_MID,2,South,465,0,,15928,52,22,418,0,23,1,1
05/02/18 10:00,000000001083,6,SB_NS,2,South,593,0,,15106,69,6,529,6,40,1,11
05/02/18 11:00,000000001083,1,NB_NS,1,North,582,0,,13345,65,4,531,1,33,5,7
05/02/18 11:00,000000001083,2,NB_MID,1,North,580,0,,14716,72,5,532,0,41,1,1
05/02/18 11:00,000000001083,3,NB_OS,1,North,497,0,,15352,32,6,475,0,16,0,0
05/02/18 11:00,000000001083,4,SB_OS,2,South,437,0,,16034,18,10,416,3,8,0,0
05/02/18 11:00,000000001083,5,SB_MID,2,South,527,0,,15814,53,11,487,1,26,2,0
05/02/18 11:00,000000001083,6,SB_NS,2,South,633,0,,14849,77,4,572,1,46,3,7
05/02/18 12:00,000000001083,1,NB_NS,1,North,580,0,,13825,53,5,532,3,30,1,9
05/02/18 12:00,000000001083,2,NB_MID,1,North,588,0,,14638,51,11,540,4,28,2,3
05/02/18 12:00,000000001083,3,NB_OS,1,North,523,0,,15667,38,5,496,2,20,0,0
05/02/18 12:00,000000001083,4,SB_OS,2,South,474,0,,16295,19,16,445,4,7,2,0
05/02/18 12:00,000000001083,5,SB_MID,2,South,586,0,,16057,32,22,542,3,17,2,0
05/02/18 12:00,000000001083,6,SB_NS,2,South,697,0,,14648,53,7,639,2,30,7,12
05/02/18 13:00,000000001083,1,NB_NS,1,North,580,0,,13674,57,8,529,1,31,2,9
05/02/18 13:00,000000001083,2,NB_MID,1,North,602,0,,14434,51,8,560,2,26,5,1
05/02/18 13:00,000000001083,3,NB_OS,1,North,489,0,,15500,37,3,466,1,18,0,1
05/02/18 13:00,000000001083,4,SB_OS,2,South,491,0,,16111,18,16,464,2,6,3,0
05/02/18 13:00,000000001083,5,SB_MID,2,South,578,0,,15607,36,21,534,2,19,2,0
05/02/18 13:00,000000001083,6,SB_NS,2,South,715,0,,14903,62,5,655,1,41,3,10
05/02/18 14:00,000000001083,1,NB_NS,1,North,570,0,,13500,79,4,513,0,39,6,8
05/02/18 14:00,000000001083,2,NB_MID,1,North,538,0,,14797,56,3,503,2,28,2,0
05/02/18 14:00,000000001083,3,NB_OS,1,North,498,0,,15367,52,1,471,0,26,0,0
05/02/18 14:00,000000001083,4,SB_OS,2,South,590,0,,16158,22,17,557,3,12,1,0
05/02/18 14:00,000000001083,5,SB_MID,2,South,635,0,,15559,30,17,596,3,18,1,0
05/02/18 14:00,000000001083,6,SB_NS,2,South,798,0,,14701,64,3,731,3,46,5,10
05/02/18 15:00,000000001083,1,NB_NS,1,North,711,0,,12940,48,5,658,2,32,2,12
05/02/18 15:00,000000001083,2,NB_MID,1,North,561,0,,14461,57,4,519,1,29,3,5
05/02/18 15:00,000000001083,3,NB_OS,1,North,525,0,,14985,46,3,495,2,24,0,1
05/02/18 15:00,000000001083,4,SB_OS,2,South,734,0,,15145,15,21,698,3,10,1,1
05/02/18 15:00,000000001083,5,SB_MID,2,South,702,0,,14269,26,19,664,0,18,0,1
05/02/18 15:00,000000001083,6,SB_NS,2,South,1030,0,,13545,40,10,970,0,38,3,9
05/02/18 16:00,000000001083,1,NB_NS,1,North,902,0,,11805,35,2,856,3,30,2,9
05/02/18 16:00,000000001083,2,NB_MID,1,North,669,0,,13812,42,3,634,2,26,2,2
05/02/18 16:00,000000001083,3,NB_OS,1,North,731,0,,14033,22,4,708,3,16,0,0
05/02/18 16:00,000000001083,4,SB_OS,2,South,813,0,,14682,10,17,786,1,7,1,1
05/02/18 16:00,000000001083,5,SB_MID,2,South,801,0,,12782,11,23,768,1,9,0,0
05/02/18 16:00,000000001083,6,SB_NS,2,South,1402,0,,11051,24,8,1351,1,27,6,9
05/02/18 17:00,000000001083,1,NB_NS,1,North,948,0,,11796,23,4,913,1,22,0,8
05/02/18 17:00,000000001083,2,NB_MID,1,North,761,0,,13139,21,7,737,1,15,1,0
05/02/18 17:00,000000001083,3,NB_OS,1,North,794,0,,13765,8,2,783,1,6,0,2
05/02/18 17:00,000000001083,4,SB_OS,2,South,705,0,,14540,11,12,684,1,7,1,0
05/02/18 17:00,000000001083,5,SB_MID,2,South,792,0,,13202,6,13,774,0,5,0,0
05/02/18 17:00,000000001083,6,SB_NS,2,South,1258,0,,11587,16,4,1225,0,13,7,9
05/02/18 18:00,000000001083,1,NB_NS,1,North,595,0,,13280,24,6,568,0,14,0,7
05/02/18 18:00,000000001083,2,NB_MID,1,North,596,0,,14087,17,5,580,1,9,1,0
05/02/18 18:00,000000001083,3,NB_OS,1,North,607,0,,14717,10,1,600,0,6,0,0
05/02/18 18:00,000000001083,4,SB_OS,2,South,586,0,,15542,7,19,563,0,3,1,0
05/02/18 18:00,000000001083,5,SB_MID,2,South,663,0,,14471,5,11,648,0,2,1,1
05/02/18 18:00,000000001083,6,SB_NS,2,South,958,0,,13479,13,6,930,0,11,1,10
05/02/18 19:00,000000001083,1,NB_NS,1,North,366,0,,14574,16,1,353,0,6,0,6
05/02/18 19:00,000000001083,2,NB_MID,1,North,426,0,,15489,23,5,411,0,9,1,0
05/02/18 19:00,000000001083,3,NB_OS,1,North,388,0,,15654,10,0,384,0,4,0,0
05/02/18 19:00,000000001083,4,SB_OS,2,South,350,0,,16986,3,10,339,0,1,0,0
05/02/18 19:00,000000001083,5,SB_MID,2,South,475,0,,15989,4,10,462,1,2,0,0
05/02/18 19:00,000000001083,6,SB_NS,2,South,615,0,,15227,8,3,599,0,4,1,8
05/02/18 20:00,000000001083,1,NB_NS,1,North,325,0,,15037,31,5,308,0,9,1,2
05/02/18 20:00,000000001083,2,NB_MID,1,North,295,0,,15733,14,2,287,1,4,0,1
05/02/18 20:00,000000001083,3,NB_OS,1,North,236,0,,16557,8,0,234,0,2,0,0
05/02/18 20:00,000000001083,4,SB_OS,2,South,270,0,,17184,11,6,261,0,2,1,0
05/02/18 20:00,000000001083,5,SB_MID,2,South,360,0,,16644,14,12,342,0,5,0,1
05/02/18 20:00,000000001083,6,SB_NS,2,South,447,0,,16004,16,3,433,0,5,2,4
05/02/18 21:00,000000001083,1,NB_NS,1,North,207,0,,15279,29,0,197,0,6,0,4
05/02/18 21:00,000000001083,2,NB_MID,1,North,206,0,,16262,10,3,201,0,2,0,0
05/02/18 21:00,000000001083,3,NB_OS,1,North,141,0,,16359,0,0,141,0,0,0,0
05/02/18 21:00,000000001083,4,SB_OS,2,South,161,0,,17465,0,5,156,0,0,0,0
05/02/18 21:00,000000001083,5,SB_MID,2,South,250,0,,16939,12,7,240,0,2,1,0
05/02/18 21:00,000000001083,6,SB_NS,2,South,275,0,,16181,15,3,265,0,4,0,3
05/02/18 22:00,000000001083,1,NB_NS,1,North,142,0,,15826,35,1,133,0,5,0,3
05/02/18 22:00,000000001083,2,NB_MID,1,North,165,0,,16350,12,2,161,0,2,0,0
05/02/18 22:00,000000001083,3,NB_OS,1,North,69,0,,16711,14,1,67,0,1,0,0
05/02/18 22:00,000000001083,4,SB_OS,2,South,99,0,,17898,40,3,92,0,3,1,0
05/02/18 22:00,000000001083,5,SB_MID,2,South,196,0,,16674,20,7,185,0,4,0,0
05/02/18 22:00,000000001083,6,SB_NS,2,South,197,0,,16145,25,0,188,0,4,1,4
05/02/18 23:00,000000001083,1,NB_NS,1,North,68,0,,16475,88,2,57,1,6,0,2
05/02/18 23:00,000000001083,2,NB_MID,1,North,104,0,,16806,19,0,102,0,2,0,0
05/02/18 23:00,000000001083,3,NB_OS,1,North,47,0,,16489,0,0,47,0,0,0,0
05/02/18 23:00,000000001083,4,SB_OS,2,South,44,0,,18081,0,1,43,0,0,0,0
05/02/18 23:00,000000001083,5,SB_MID,2,South,136,0,,17081,51,5,124,0,7,0,0
05/02/18 23:00,000000001083,6,SB_NS,2,South,131,0,,16302,69,1,116,0,6,3,5
06/02/18 00:00,000000001083,1,NB_NS,1,North,41,0,,16335,49,0,39,0,2,0,0
06/02/18 00:00,000000001083,2,NB_MID,1,North,75,0,,16426,67,0,70,0,4,1,0
06/02/18 00:00,000000001083,3,NB_OS,1,North,14,0,,17659,0,0,14,0,0,0,0
06/02/18 00:00,000000001083,4,SB_OS,2,South,22,0,,16667,0,2,20,0,0,0,0
06/02/18 00:00,000000001083,5,SB_MID,2,South,90,0,,17870,33,0,87,0,2,1,0
06/02/18 00:00,000000001083,6,SB_NS,2,South,85,0,,17616,82,0,78,0,5,2,0
06/02/18 01:00,000000001083,1,NB_NS,1,North,14,0,,17440,0,1,13,0,0,0,0
06/02/18 01:00,000000001083,2,NB_MID,1,North,32,0,,16033,31,1,30,0,1,0,0
06/02/18 01:00,000000001083,3,NB_OS,1,North,5,0,,15611,0,0,5,0,0,0,0
06/02/18 01:00,000000001083,4,SB_OS,2,South,13,0,,17992,0,1,12,0,0,0,0
06/02/18 01:00,000000001083,5,SB_MID,2,South,53,0,,17615,57,1,49,0,1,2,0
06/02/18 01:00,000000001083,6,SB_NS,2,South,52,0,,16052,231,1,39,0,7,5,0
06/02/18 02:00,000000001083,1,NB_NS,1,North,16,0,,17153,62,1,14,0,1,0,0
06/02/18 02:00,000000001083,2,NB_MID,1,North,30,0,,17148,100,0,27,0,2,1,0
06/02/18 02:00,000000001083,3,NB_OS,1,North,2,0,,17361,0,0,2,0,0,0,0
06/02/18 02:00,000000001083,4,SB_OS,2,South,10,0,,17417,0,0,10,0,0,0,0
06/02/18 02:00,000000001083,5,SB_MID,2,South,27,0,,16903,111,2,22,0,1,2,0
06/02/18 02:00,000000001083,6,SB_NS,2,South,59,0,,16747,203,3,44,0,7,5,0
06/02/18 03:00,000000001083,1,NB_NS,1,North,27,0,,17315,111,0,24,0,2,1,0
06/02/18 03:00,000000001083,2,NB_MID,1,North,26,0,,15930,38,0,25,0,1,0,0
06/02/18 03:00,000000001083,3,NB_OS,1,North,7,0,,15437,0,0,7,0,0,0,0
06/02/18 03:00,000000001083,4,SB_OS,2,South,13,0,,16303,308,1,8,0,4,0,0
06/02/18 03:00,000000001083,5,SB_MID,2,South,38,0,,16352,105,0,34,0,4,0,0
06/02/18 03:00,000000001083,6,SB_NS,2,South,55,0,,17540,164,1,45,0,7,2,0
06/02/18 04:00,000000001083,1,NB_NS,1,North,48,0,,16921,83,0,44,0,4,0,0
06/02/18 04:00,000000001083,2,NB_MID,1,North,54,0,,16667,19,1,52,0,1,0,0
06/02/18 04:00,000000001083,3,NB_OS,1,North,17,0,,17516,0,0,17,0,0,0,0
06/02/18 04:00,000000001083,4,SB_OS,2,South,21,0,,17169,48,2,18,0,1,0,0
06/02/18 04:00,000000001083,5,SB_MID,2,South,48,0,,17361,42,1,45,0,2,0,0
06/02/18 04:00,000000001083,6,SB_NS,2,South,83,0,,17212,120,0,73,0,6,4,0
06/02/18 05:00,000000001083,1,NB_NS,1,North,166,0,,15671,18,3,157,0,3,0,3
06/02/18 05:00,000000001083,2,NB_MID,1,North,147,0,,16761,61,1,137,0,6,3,0
06/02/18 05:00,000000001083,3,NB_OS,1,North,68,0,,17243,0,0,68,0,0,0,0
06/02/18 05:00,000000001083,4,SB_OS,2,South,49,0,,16718,20,4,44,0,1,0,0
06/02/18 05:00,000000001083,5,SB_MID,2,South,105,0,,17696,0,4,101,0,0,0,0
06/02/18 05:00,000000001083,6,SB_NS,2,South,138,0,,16296,58,3,127,0,7,1,0
06/02/18 06:00,000000001083,1,NB_NS,1,North,325,0,,15020,31,3,302,1,10,0,9
06/02/18 06:00,000000001083,2,NB_MID,1,North,492,0,,15094,41,4,468,0,16,4,0
06/02/18 06:00,000000001083,3,NB_OS,1,North,451,0,,15727,22,0,441,0,10,0,0
06/02/18 06:00,000000001083,4,SB_OS,2,South,257,0,,17433,12,15,237,0,2,1,2
06/02/18 06:00,000000001083,5,SB_MID,2,South,274,0,,17235,36,11,253,0,8,2,0
06/02/18 06:00,000000001083,6,SB_NS,2,South,366,0,,16708,46,6,340,0,15,2,3
06/02/18 07:00,000000001083,1,NB_NS,1,North,847,0,,11462,22,3,812,1,17,2,12
06/02/18 07:00,000000001083,2,NB_MID,1,North,1150,0,,9121,28,6,1107,1,28,4,4
06/02/18 07:00,000000001083,3,NB_OS,1,North,1192,0,,9658,28,6,1147,2,26,7,3
06/02/18 07:00,000000001083,4,SB_OS,2,South,606,0,,15476,10,15,584,1,6,0,0
06/02/18 07:00,000000001083,5,SB_MID,2,South,562,0,,14429,20,19,532,0,10,1,0
06/02/18 07:00,000000001083,6,SB_NS,2,South,977,0,,13734,32,8,927,0,27,4,11
06/02/18 08:00,000000001083,1,NB_NS,1,North,858,0,,7275,41,9,802,0,31,4,12
06/02/18 08:00,000000001083,2,NB_MID,1,North,918,0,,7291,31,8,876,2,25,3,4
06/02/18 08:00,000000001083,3,NB_OS,1,North,1027,0,,7917,27,6,990,0,26,2,2
06/02/18 08:00,000000001083,4,SB_OS,2,South,586,0,,15726,15,11,565,1,9,0,0
06/02/18 08:00,000000001083,5,SB_MID,2,South,630,0,,14776,32,14,595,0,20,0,1
06/02/18 08:00,000000001083,6,SB_NS,2,South,978,0,,13974,45,5,921,1,37,7,7
06/02/18 09:00,000000001083,1,NB_NS,1,North,743,0,,13196,50,7,687,2,35,2,10
06/02/18 09:00,000000001083,2,NB_MID,1,North,879,0,,12943,53,7,818,5,40,7,1
06/02/18 09:00,000000001083,3,NB_OS,1,North,915,0,,13703,23,4,887,3,21,0,0
06/02/18 09:00,000000001083,4,SB_OS,2,South,416,0,,16524,38,9,391,0,15,1,0
06/02/18 09:00,000000001083,5,SB_MID,2,South,491,0,,15747,43,7,462,1,21,0,0
06/02/18 09:00,000000001083,6,SB_NS,2,South,652,0,,15134,66,5,593,2,37,6,9
06/02/18 10:00,000000001083,1,NB_NS,1,North,573,0,,13489,73,9,514,1,39,3,7
06/02/18 10:00,000000001083,2,NB_MID,1,North,690,0,,14172,42,9,650,2,23,6,0
06/02/18 10:00,000000001083,3,NB_OS,1,North,537,0,,15262,47,3,508,1,25,0,0
06/02/18 10:00,000000001083,4,SB_OS,2,South,361,0,,16327,36,9,339,0,13,0,0
06/02/18 10:00,000000001083,5,SB_MID,2,South,452,0,,15738,46,17,414,0,21,0,0
06/02/18 10:00,000000001083,6,SB_NS,2,South,612,0,,14934,75,4,549,3,44,2,10
06/02/18 11:00,000000001083,1,NB_NS,1,North,551,0,,13615,67,4,494,5,34,3,11
06/02/18 11:00,000000001083,2,NB_MID,1,North,672,0,,14735,58,6,622,4,36,3,1
06/02/18 11:00,000000001083,3,NB_OS,1,North,454,0,,15721,35,2,436,0,16,0,0
06/02/18 11:00,000000001083,4,SB_OS,2,South,363,0,,16346,30,12,339,1,10,1,0
06/02/18 11:00,000000001083,5,SB_MID,2,South,479,0,,15999,46,12,443,2,22,0,0
06/02/18 11:00,000000001083,6,SB_NS,2,South,667,0,,15208,84,5,596,0,50,6,10
06/02/18 12:00,000000001083,1,NB_NS,1,North,580,0,,13703,84,6,517,0,47,2,8
06/02/18 12:00,000000001083,2,NB_MID,1,North,650,0,,14373,35,9,617,0,22,1,1
06/02/18 12:00,000000001083,3,NB_OS,1,North,522,0,,15446,36,2,501,0,17,2,0
06/02/18 12:00,000000001083,4,SB_OS,2,South,423,0,,16227,21,14,398,2,8,1,0
06/02/18 12:00,000000001083,5,SB_MID,2,South,557,0,,15710,27,15,524,3,14,1,0
06/02/18 12:00,000000001083,6,SB_NS,2,South,697,0,,15046,60,7,635,2,33,9,11
06/02/18 13:00,000000001083,1,NB_NS,1,North,659,0,,13314,59,6,600,5,35,4,9
06/02/18 13:00,000000001083,2,NB_MID,1,North,705,0,,14375,62,4,654,2,40,4,1
06/02/18 13:00,000000001083,3,NB_OS,1,North,576,0,,15622,31,3,555,0,17,1,0
06/02/18 13:00,000000001083,4,SB_OS,2,South,465,0,,16056,28,15,437,0,10,3,0
06/02/18 13:00,000000001083,5,SB_MID,2,South,558,0,,15712,30,12,528,0,16,1,1
06/02/18 13:00,000000001083,6,SB_NS,2,South,697,0,,14806,65,3,640,1,40,5,8
06/02/18 14:00,000000001083,1,NB_NS,1,North,593,0,,13272,84,6,527,0,49,1,10
06/02/18 14:00,000000001083,2,NB_MID,1,North,618,0,,14458,68,5,569,1,37,5,1
06/02/18 14:00,000000001083,3,NB_OS,1,North,510,0,,15204,33,1,492,0,17,0,0
06/02/18 14:00,000000001083,4,SB_OS,2,South,522,0,,15895,31,18,488,0,14,2,0
06/02/18 14:00,000000001083,5,SB_MID,2,South,599,0,,15247,30,18,561,2,17,1,0
06/02/18 14:00,000000001083,6,SB_NS,2,South,804,0,,14052,65,5,737,2,48,4,8
06/02/18 15:00,000000001083,1,NB_NS,1,North,684,0,,13040,76,6,613,1,50,2,12
06/02/18 15:00,000000001083,2,NB_MID,1,North,539,0,,14198,52,10,498,1,24,4,2
06/02/18 15:00,000000001083,3,NB_OS,1,North,566,0,,14481,37,1,541,2,21,0,1
06/02/18 15:00,000000001083,4,SB_OS,2,South,770,0,,14762,14,12,746,0,10,1,1
06/02/18 15:00,000000001083,5,SB_MID,2,South,774,0,,14085,30,17,732,2,21,2,0
06/02/18 15:00,000000001083,6,SB_NS,2,South,1161,0,,13097,41,6,1099,1,44,4,7
06/02/18 16:00,000000001083,1,NB_NS,1,North,966,0,,11037,45,4,905,2,41,2,12
06/02/18 16:00,000000001083,2,NB_MID,1,North,659,0,,13063,24,10,626,3,15,1,4
06/02/18 16:00,000000001083,3,NB_OS,1,North,800,0,,13494,25,2,775,1,20,0,2
06/02/18 16:00,000000001083,4,SB_OS,2,South,842,0,,14503,10,21,813,0,8,0,0
06/02/18 16:00,000000001083,5,SB_MID,2,South,850,0,,12909,24,15,813,0,20,0,2
06/02/18 16:00,000000001083,6,SB_NS,2,South,1518,0,,10702,21,14,1460,0,28,4,12
06/02/18 17:00,000000001083,1,NB_NS,1,North,999,0,,10458,28,3,958,1,25,3,9
06/02/18 17:00,000000001083,2,NB_MID,1,North,808,0,,12178,22,10,779,1,15,3,0
06/02/18 17:00,000000001083,3,NB_OS,1,North,836,0,,12998,13,2,821,1,11,0,1
06/02/18 17:00,000000001083,4,SB_OS,2,South,728,0,,14532,1,23,704,0,1,0,0
06/02/18 17:00,000000001083,5,SB_MID,2,South,800,0,,13059,19,26,758,1,14,1,0
06/02/18 17:00,000000001083,6,SB_NS,2,South,1229,0,,11895,10,7,1201,0,9,3,9
06/02/18 18:00,000000001083,1,NB_NS,1,North,665,0,,12431,21,3,640,0,12,2,8
06/02/18 18:00,000000001083,2,NB_MID,1,North,657,0,,13366,9,3,648,0,6,0,0
06/02/18 18:00,000000001083,3,NB_OS,1,North,667,0,,13764,10,1,659,0,7,0,0
06/02/18 18:00,000000001083,4,SB_OS,2,South,608,0,,15198,8,11,591,0,5,0,1
06/02/18 18:00,000000001083,5,SB_MID,2,South,722,0,,14261,12,25,687,0,8,1,1
06/02/18 18:00,000000001083,6,SB_NS,2,South,1076,0,,13174,12,8,1044,1,11,2,10
06/02/18 19:00,000000001083,1,NB_NS,1,North,404,0,,14396,15,5,387,0,6,0,6
06/02/18 19:00,000000001083,2,NB_MID,1,North,464,0,,15019,24,3,448,2,9,2,0
06/02/18 19:00,000000001083,3,NB_OS,1,North,405,0,,15345,7,1,401,0,3,0,0
06/02/18 19:00,000000001083,4,SB_OS,2,South,414,0,,16343,10,16,394,0,3,1,0
06/02/18 19:00,000000001083,5,SB_MID,2,South,526,0,,15721,10,14,504,2,4,1,1
06/02/18 19:00,000000001083,6,SB_NS,2,South,663,0,,14899,17,3,641,0,8,3,8
06/02/18 20:00,000000001083,1,NB_NS,1,North,295,0,,14891,20,2,284,0,6,0,3
06/02/18 20:00,000000001083,2,NB_MID,1,North,316,0,,15674,16,2,308,1,3,2,0
06/02/18 20:00,000000001083,3,NB_OS,1,North,256,0,,16430,8,1,253,0,2,0,0
06/02/18 20:00,000000001083,4,SB_OS,2,South,259,0,,16801,12,7,249,0,3,0,0
06/02/18 20:00,000000001083,5,SB_MID,2,South,394,0,,16410,5,14,378,0,2,0,0
06/02/18 20:00,000000001083,6,SB_NS,2,South,450,0,,15699,13,4,435,0,4,2,5
06/02/18 21:00,000000001083,1,NB_NS,1,North,222,0,,14973,14,1,214,1,3,0,3
06/02/18 21:00,000000001083,2,NB_MID,1,North,264,0,,16411,27,4,252,1,5,2,0
06/02/18 21:00,000000001083,3,NB_OS,1,North,160,0,,16252,19,0,157,0,3,0,0
06/02/18 21:00,000000001083,4,SB_OS,2,South,149,0,,17095,0,2,147,0,0,0,0
06/02/18 21:00,000000001083,5,SB_MID,2,South,278,0,,16926,7,5,271,0,2,0,0
06/02/18 21:00,000000001083,6,SB_NS,2,South,356,0,,16125,39,1,337,1,12,2,3
06/02/18 22:00,000000001083,1,NB_NS,1,North,168,0,,15848,24,0,161,0,4,0,3
06/02/18 22:00,000000001083,2,NB_MID,1,North,164,0,,16264,6,1,162,0,1,0,0
06/02/18 22:00,000000001083,3,NB_OS,1,North,98,0,,17143,20,0,96,0,2,0,0
06/02/18 22:00,000000001083,4,SB_OS,2,South,102,0,,16958,0,3,99,0,0,0,0
06/02/18 22:00,000000001083,5,SB_MID,2,South,216,0,,17014,5,3,212,0,1,0,0
06/02/18 22:00,000000001083,6,SB_NS,2,South,255,0,,16221,4,3,246,0,1,0,5
06/02/18 23:00,000000001083,1,NB_NS,1,North,98,0,,15397,51,2,88,0,4,1,3
06/02/18 23:00,000000001083,2,NB_MID,1,North,115,0,,16287,26,1,111,0,3,0,0
06/02/18 23:00,000000001083,3,NB_OS,1,North,33,0,,16818,0,0,33,0,0,0,0
06/02/18 23:00,000000001083,4,SB_OS,2,South,51,0,,17593,0,1,50,0,0,0,0
06/02/18 23:00,000000001083,5,SB_MID,2,South,118,0,,17130,34,6,108,0,2,2,0
06/02/18 23:00,000000001083,6,SB_NS,2,South,144,0,,16593,56,0,129,0,5,3,7
07/02/18 00:00,000000001083,1,NB_NS,1,North,34,0,,16201,88,0,31,0,3,0,0
07/02/18 00:00,000000001083,2,NB_MID,1,North,84,0,,16564,24,0,82,0,1,1,0
07/02/18 00:00,000000001083,3,NB_OS,1,North,20,0,,17306,0,0,20,0,0,0,0
07/02/18 00:00,000000001083,4,SB_OS,2,South,22,0,,17008,0,3,19,0,0,0,0
07/02/18 00:00,000000001083,5,SB_MID,2,South,70,0,,17488,29,3,65,0,2,0,0
07/02/18 00:00,000000001083,6,SB_NS,2,South,105,0,,16362,143,2,87,0,11,4,1
07/02/18 01:00,000000001083,1,NB_NS,1,North,27,0,,16060,74,0,25,0,2,0,0
07/02/18 01:00,000000001083,2,NB_MID,1,North,43,0,,16770,140,0,37,0,5,1,0
07/02/18 01:00,000000001083,3,NB_OS,1,North,8,0,,16632,0,0,8,0,0,0,0
07/02/18 01:00,000000001083,4,SB_OS,2,South,13,0,,16603,0,0,13,0,0,0,0
07/02/18 01:00,000000001083,5,SB_MID,2,South,44,0,,17228,68,2,39,0,3,0,0
07/02/18 01:00,000000001083,6,SB_NS,2,South,38,0,,16513,0,1,37,0,0,0,0
07/02/18 02:00,000000001083,1,NB_NS,1,North,24,0,,16667,42,0,22,1,1,0,0
07/02/18 02:00,000000001083,2,NB_MID,1,North,24,0,,18194,167,0,20,0,3,1,0
07/02/18 02:00,000000001083,3,NB_OS,1,North,8,0,,16875,0,0,8,0,0,0,0
07/02/18 02:00,000000001083,4,SB_OS,2,South,7,0,,16865,0,1,6,0,0,0,0
07/02/18 02:00,000000001083,5,SB_MID,2,South,27,0,,17922,111,0,24,0,3,0,0
07/02/18 02:00,000000001083,6,SB_NS,2,South,42,0,,16085,95,1,37,0,4,0,0
07/02/18 03:00,000000001083,1,NB_NS,1,North,31,0,,16801,65,1,28,0,2,0,0
07/02/18 03:00,000000001083,2,NB_MID,1,North,20,0,,16903,0,0,20,0,0,0,0
07/02/18 03:00,000000001083,3,NB_OS,1,North,7,0,,19008,143,0,6,0,1,0,0
07/02/18 03:00,000000001083,4,SB_OS,2,South,16,0,,17656,0,0,16,0,0,0,0
07/02/18 03:00,000000001083,5,SB_MID,2,South,38,0,,17719,53,0,36,0,2,0,0
07/02/18 03:00,000000001083,6,SB_NS,2,South,40,0,,17778,50,0,38,0,2,0,0
07/02/18 04:00,000000001083,1,NB_NS,1,North,24,0,,15880,42,0,23,0,1,0,0
07/02/18 04:00,000000001083,2,NB_MID,1,North,54,0,,16127,74,0,49,1,3,1,0
07/02/18 04:00,000000001083,3,NB_OS,1,North,19,0,,16023,53,0,18,0,1,0,0
07/02/18 04:00,000000001083,4,SB_OS,2,South,11,0,,16717,91,0,10,0,0,1,0
07/02/18 04:00,000000001083,5,SB_MID,2,South,51,0,,16727,39,1,47,1,2,0,0
07/02/18 04:00,000000001083,6,SB_NS,2,South,62,0,,16895,65,0,58,0,3,1,0
07/02/18 05:00,000000001083,1,NB_NS,1,North,154,0,,15449,39,3,141,1,4,2,3
07/02/18 05:00,000000001083,2,NB_MID,1,North,149,0,,16779,27,2,143,0,2,2,0
07/02/18 05:00,000000001083,3,NB_OS,1,North,60,0,,18218,17,2,57,0,1,0,0
07/02/18 05:00,000000001083,4,SB_OS,2,South,61,0,,18069,0,5,53,0,0,0,3
07/02/18 05:00,000000001083,5,SB_MID,2,South,95,0,,17977,42,4,87,0,4,0,0
07/02/18 05:00,000000001083,6,SB_NS,2,South,138,0,,17232,65,4,125,0,8,1,0
07/02/18 06:00,000000001083,1,NB_NS,1,North,336,0,,14438,51,4,306,0,15,2,9
07/02/18 06:00,000000001083,2,NB_MID,1,North,422,0,,14884,26,4,407,0,7,4,0
07/02/18 06:00,000000001083,3,NB_OS,1,North,397,0,,15805,18,1,389,0,7,0,0
07/02/18 06:00,000000001083,4,SB_OS,2,South,191,0,,17016,26,8,178,0,4,1,0
07/02/18 06:00,000000001083,5,SB_MID,2,South,273,0,,17171,18,14,253,0,4,1,1
07/02/18 06:00,000000001083,6,SB_NS,2,South,362,0,,16512,72,6,324,2,22,4,4
07/02/18 07:00,000000001083,1,NB_NS,1,North,803,0,,11207,30,6,760,0,22,2,13
07/02/18 07:00,000000001083,2,NB_MID,1,North,1034,0,,9062,25,6,1001,0,22,4,1
07/02/18 07:00,000000001083,3,NB_OS,1,North,1119,0,,9154,30,4,1075,0,31,3,6
07/02/18 07:00,000000001083,4,SB_OS,2,South,564,0,,15511,16,19,536,0,9,0,0
07/02/18 07:00,000000001083,5,SB_MID,2,South,610,0,,15155,25,23,572,0,15,0,0
07/02/18 07:00,000000001083,6,SB_NS,2,South,911,0,,14391,34,5,864,1,27,4,10
07/02/18 08:00,000000001083,1,NB_NS,1,North,940,0,,8027,32,1,900,0,25,5,9
07/02/18 08:00,000000001083,2,NB_MID,1,North,854,0,,6367,55,14,786,0,42,5,7
07/02/18 08:00,000000001083,3,NB_OS,1,North,874,0,,6705,41,5,820,0,29,7,11
07/02/18 08:00,000000001083,4,SB_OS,2,South,571,0,,15131,14,15,548,0,7,1,0
07/02/18 08:00,000000001083,5,SB_MID,2,South,586,0,,14675,36,22,543,0,20,1,0
07/02/18 08:00,000000001083,6,SB_NS,2,South,1022,0,,13620,39,8,966,0,35,5,8
07/02/18 09:00,000000001083,1,NB_NS,1,North,733,0,,10687,52,8,671,4,34,4,12
07/02/18 09:00,000000001083,2,NB_MID,1,North,886,0,,10485,40,1,846,3,31,4,1
07/02/18 09:00,000000001083,3,NB_OS,1,North,919,0,,11191,29,2,887,0,27,0,3
07/02/18 09:00,000000001083,4,SB_OS,2,South,448,0,,15784,16,18,421,2,7,0,0
07/02/18 09:00,000000001083,5,SB_MID,2,South,577,0,,15392,47,15,534,0,23,4,1
07/02/18 09:00,000000001083,6,SB_NS,2,South,672,0,,14778,64,4,615,2,40,3,8
07/02/18 10:00,000000001083,1,NB_NS,1,North,555,0,,13733,67,4,498,6,37,0,10
07/02/18 10:00,000000001083,2,NB_MID,1,North,694,0,,14637,56,3,649,2,38,1,1
07/02/18 10:00,000000001083,3,NB_OS,1,North,518,0,,15542,44,2,492,1,23,0,0
07/02/18 10:00,000000001083,4,SB_OS,2,South,375,0,,16169,16,10,358,1,6,0,0
07/02/18 10:00,000000001083,5,SB_MID,2,South,459,0,,16072,39,13,425,3,15,3,0
07/02/18 10:00,000000001083,6,SB_NS,2,South,561,0,,15102,73,3,508,0,40,1,9
07/02/18 11:00,000000001083,1,NB_NS,1,North,586,0,,13865,44,9,535,6,25,1,10
07/02/18 11:00,000000001083,2,NB_MID,1,North,636,0,,14518,66,3,589,1,39,3,1
07/02/18 11:00,000000001083,3,NB_OS,1,North,485,0,,15394,37,1,464,1,18,0,1
07/02/18 11:00,000000001083,4,SB_OS,2,South,437,0,,16296,43,10,404,3,19,0,1
07/02/18 11:00,000000001083,5,SB_MID,2,South,498,0,,15933,52,13,457,2,25,1,0
07/02/18 11:00,000000001083,6,SB_NS,2,South,647,0,,14755,79,5,576,2,47,4,13
07/02/18 12:00,000000001083,1,NB_NS,1,North,604,0,,13746,68,6,547,3,39,2,7
07/02/18 12:00,000000001083,2,NB_MID,1,North,647,0,,14886,37,8,614,1,23,1,0
07/02/18 12:00,000000001083,3,NB_OS,1,North,523,0,,15660,38,1,502,0,19,1,0
07/02/18 12:00,000000001083,4,SB_OS,2,South,471,0,,15763,30,11,446,0,12,2,0
07/02/18 12:00,000000001083,5,SB_MID,2,South,582,0,,15421,29,17,547,1,17,0,0
07/02/18 12:00,000000001083,6,SB_NS,2,South,733,0,,14421,53,6,677,1,37,2,10
07/02/18 13:00,000000001083,1,NB_NS,1,North,603,0,,13587,50,9,553,0,27,3,11
07/02/18 13:00,000000001083,2,NB_MID,1,North,592,0,,15069,56,8,548,2,30,3,1
07/02/18 13:00,000000001083,3,NB_OS,1,North,515,0,,15482,43,3,490,0,22,0,0
07/02/18 13:00,000000001083,4,SB_OS,2,South,481,0,,15829,35,11,452,1,16,1,0
07/02/18 13:00,000000001083,5,SB_MID,2,South,625,0,,15524,43,10,588,0,24,3,0
07/02/18 13:00,000000001083,6,SB_NS,2,South,699,0,,14659,60,8,639,1,37,5,9
07/02/18 14:00,000000001083,1,NB_NS,1,North,631,0,,13725,60,9,574,1,37,1,9
07/02/18 14:00,000000001083,2,NB_MID,1,North,561,0,,14786,55,12,517,1,31,0,0
07/02/18 14:00,000000001083,3,NB_OS,1,North,500,0,,15415,42,3,476,0,20,1,0
07/02/18 14:00,000000001083,4,SB_OS,2,South,595,0,,15774,18,13,571,0,10,1,0
07/02/18 14:00,000000001083,5,SB_MID,2,South,644,0,,15355,34,17,604,1,22,0,0
07/02/18 14:00,000000001083,6,SB_NS,2,South,856,0,,14489,47,7,798,2,40,0,9
07/02/18 15:00,000000001083,1,NB_NS,1,North,702,0,,13407,57,6,641,4,40,0,11
07/02/18 15:00,000000001083,2,NB_MID,1,North,600,0,,14861,53,8,555,3,29,3,2
07/02/18 15:00,000000001083,3,NB_OS,1,North,578,0,,15209,19,1,564,1,11,0,1
07/02/18 15:00,000000001083,4,SB_OS,2,South,691,0,,15246,16,19,660,0,10,1,1
07/02/18 15:00,000000001083,5,SB_MID,2,South,787,0,,14200,34,16,744,0,27,0,0
07/02/18 15:00,000000001083,6,SB_NS,2,South,1126,0,,13181,43,5,1064,1,43,5,8
07/02/18 16:00,000000001083,1,NB_NS,1,North,952,0,,11505,40,11,890,4,36,2,9
07/02/18 16:00,000000001083,2,NB_MID,1,North,718,0,,13390,39,6,683,0,28,0,1
07/02/18 16:00,000000001083,3,NB_OS,1,North,783,0,,14238,24,2,761,0,18,1,1
07/02/18 16:00,000000001083,4,SB_OS,2,South,778,0,,15182,14,11,754,2,11,0,0
07/02/18 16:00,000000001083,5,SB_MID,2,South,783,0,,13432,17,15,753,1,12,1,1
07/02/18 16:00,000000001083,6,SB_NS,2,South,1442,0,,11538,20,10,1393,1,23,6,9
07/02/18 17:00,000000001083,1,NB_NS,1,North,1011,0,,11467,25,4,972,1,21,4,9
07/02/18 17:00,000000001083,2,NB_MID,1,North,805,0,,13225,17,8,782,0,14,0,1
07/02/18 17:00,000000001083,3,NB_OS,1,North,884,0,,13402,14,2,870,0,11,1,0
07/02/18 17:00,000000001083,4,SB_OS,2,South,801,0,,14522,4,17,778,1,2,1,2
07/02/18 17:00,000000001083,5,SB_MID,2,South,772,0,,13283,13,18,743,1,9,1,0
07/02/18 17:00,000000001083,6,SB_NS,2,South,1320,0,,11691,20,7,1277,2,21,5,8
07/02/18 18:00,000000001083,1,NB_NS,1,North,719,0,,12857,28,0,690,1,16,4,8
07/02/18 18:00,000000001083,2,NB_MID,1,North,613,0,,13870,20,3,597,0,12,0,1
07/02/18 18:00,000000001083,3,NB_OS,1,North,714,0,,14181,1,2,710,1,1,0,0
07/02/18 18:00,000000001083,4,SB_OS,2,South,604,0,,15117,3,12,590,0,2,0,0
07/02/18 18:00,000000001083,5,SB_MID,2,South,659,0,,14109,5,15,641,0,2,1,0
07/02/18 18:00,000000001083,6,SB_NS,2,South,1056,0,,12836,13,3,1028,0,12,2,11
07/02/18 19:00,000000001083,1,NB_NS,1,North,425,0,,14480,16,1,410,1,5,2,6
07/02/18 19:00,000000001083,2,NB_MID,1,North,448,0,,15195,7,3,442,0,2,1,0
07/02/18 19:00,000000001083,3,NB_OS,1,North,372,0,,15464,5,1,368,1,2,0,0
07/02/18 19:00,000000001083,4,SB_OS,2,South,387,0,,16525,8,15,368,0,3,0,1
07/02/18 19:00,000000001083,5,SB_MID,2,South,539,0,,15694,7,15,520,0,4,0,0
07/02/18 19:00,000000001083,6,SB_NS,2,South,641,0,,14920,16,6,616,0,9,1,9
07/02/18 20:00,000000001083,1,NB_NS,1,North,325,0,,15048,6,1,318,0,2,0,4
07/02/18 20:00,000000001083,2,NB_MID,1,North,365,0,,15785,11,3,357,1,3,1,0
07/02/18 20:00,000000001083,3,NB_OS,1,North,265,0,,16422,19,0,260,0,5,0,0
07/02/18 20:00,000000001083,4,SB_OS,2,South,253,0,,17070,8,11,239,0,2,0,1
07/02/18 20:00,000000001083,5,SB_MID,2,South,366,0,,16877,3,15,350,0,0,1,0
07/02/18 20:00,000000001083,6,SB_NS,2,South,484,0,,15838,14,4,469,0,5,2,4
07/02/18 21:00,000000001083,1,NB_NS,1,North,219,0,,15252,18,3,207,1,3,1,4
07/02/18 21:00,000000001083,2,NB_MID,1,North,241,0,,16083,8,1,238,0,2,0,0
07/02/18 21:00,000000001083,3,NB_OS,1,North,173,0,,16061,12,1,170,0,2,0,0
07/02/18 21:00,000000001083,4,SB_OS,2,South,181,0,,17268,6,9,171,0,1,0,0
07/02/18 21:00,000000001083,5,SB_MID,2,South,293,0,,16635,7,8,282,1,1,1,0
07/02/18 21:00,000000001083,6,SB_NS,2,South,355,0,,15725,8,6,341,0,1,2,5
07/02/18 22:00,000000001083,1,NB_NS,1,North,169,0,,15549,47,1,156,0,8,0,4
07/02/18 22:00,000000001083,2,NB_MID,1,North,189,0,,16405,26,0,183,1,5,0,0
07/02/18 22:00,000000001083,3,NB_OS,1,North,113,0,,17040,9,0,112,0,1,0,0
07/02/18 22:00,000000001083,4,SB_OS,2,South,120,0,,17222,17,2,116,0,2,0,0
